,id,Page,Content
0,597,14,anggar dapat belanja negara anggar dapat belanja negara ubah badan layan umum bea masuk tanggung perintah badan periksa uang bpdpk badan kelola dana kebun kelapa sawit bendaharaumum negara daftar isi laksana anggar dana kembang didik nasion lembaga manajemen aset negara lapor realisasi anggar mata anggar penerimaanpengeluaran modul terima negara terima negara bukan pajak sistem akuntansi instansi sistem akuntansi umum sistem akuntansi uang standar akuntansi perintah surat kuasa guna anggar tahun anggar tahun anggar jalan tahun anggar lalu tuntut ganti rugi tagih jual angsur uang sedia treasuri notion pool
1,8230,15,direktorat jender anggar direktorat jender pajak direktorat jender bea cukai direktorat jender imbang uang direktorat jender kelola utang direktorat jender bendahara direktorat jender kaya negara badan didik latih uang badan bijak fiskal pusat investasi perintah sekolah tinggi akuntansi negara
2,3739,16,realisasi dapat negara hibah dengan 31 desemb 2018 besar rp153971397006629100 capai 9432 persen estimasi pendapatanlra besar rp163247987232127700 jumlah sebut diri terima pajak besar rp151879194886551100 capai 9386 persen target tetap terima negara bukan pajak besar rp2092202120078000 capai 14545 persen target tetap
3,3303,16,realisasi belanja negara dengan 31 desemb 2018 besar rp3990046808866500 capai 8492 persen alokasi anggar besar rp4698786272000000 jumlah realisasi belanja sebut diri realisasi belanja pegawai besar rp2036127616946900 9738 persen anggar belanja barang besar rp1774436941728500 7469 persen anggar belanja modal besar rp179482250191100 7729 persen anggar
4,2179,16,tabel ringka lapor realisasi anggar sd 31 desemb 2018 31 desemb 2017 31 desemb 2018 31 desemb 2017 rupiah anggar realisasi anggar realisasi 1632479872321277153971397006629114858417886369691362039244724371 1618095493162000151879194886551114727098616749751343529642786441 18509601937930
5,6609,16,1632479872321277153971397006629114858417886369691362039244724371 46987862720000 20908396593000 23757374945000 2322091182000 46987862720000 39900468088665 20361276169469 17744369417285 1794822501911 39900468088665 42952412288000 17941906376000 23710302621000 1300203291000 42952412288000 40384903626906 17284051723036 21960137442737 1140714461133 40384903626906
6,9870,17,lapor operasion saji bagai unsur pendapatanlo beban surplusdefisit operasi surplusdefisit giat non operasion surplusdefisit po luar biasa po luar biasa surplusdefisitlo perlu saji wajar dapat operasion period dengan 31 desemb 2018 besar rp152165758940673600 jumlah beban operasion besar rp4838448561075000 dapat surplu giat operasion nila rp147327310379598600 giat non operasion pospo luar biasa mase mase surplu besar rp14260513909900 rp000 entita alami surpluslo besar rp147341570893508500
7,6739,18,tabel lapor operasion per 31 desemb 2018 31 desemb 2017 urai tanggal lo kenaikanpenurunan 31 desemb 2018 rp 31 desemb 2017 rp rp rupiah giat operasion dapat operasion dapat paja pnbp beban operasion surplu defisit giat operasion giat non operasion surplu defisit lepa aset non lancar surplu defisit selesai wajib jangka panjang surplu defisit giat non operasion lain surplu defisit giat non operasion po luar biasa surplu defisit lo
8,3393,18,lapor ubah ekuita lapor ubah ekuita saji informasi naik turun ekuita tahun lapor band tahun belum ekuita tanggal 01 januari 2018 besar besar rp147341570893508500 besar rp2988252887626200 transaksi antar entita besar rp148835000705296700 ekuita entita nila rp7351466835376300
9,4148,19,catat ata lapor uang catat ata lapor uang calk saji informasi jela daftar inci analisi ata nilai suatu po saji lapor realisasi anggar neraca lapor operasion lapor ubah ekuita masuk dalam calk saji informasi haru anjur standar akuntansi perintah pengungkapanpengungkapan lain perlu saji wajar ata lapor uang
10,4175,20,9432 1362039244724371 hibah bbelanja belanja pegawai belanja barang belanja operasi jumlah belanja operasi belanja modal belanja modal tanah belanja alat mesin belanja gedung bangun belanja jalan irigasi jare belanja modal lain belanja modal blu jumlah belanja modal jumlah belanja b2 b3 b4 b5 b51 b52 b53 b54 b55 b56
11,825,22,8730956109060 aset aset lancar ka bendahara keluar ka bendahara terima ka lain tara ka ka badan layan umum belanja bayar muka prepaid uang muka belanja dapat masih terima piutang paja piutang paja netto piutang bukan pajak c1 c11 c12 c13 c14 c15 c16 c17 c18 c19 c19 c110 c110
12,6598,23,gedung bangun jalan irigasi jare aset tetap lain konstruksi kerja akumulasi susut jumlah aset tetap piutang jangka panjang tagih tuntut perbendaharaantuntutan ganti rugi sisih piutang tagih tagih tuntut perbendaharaantuntutan ganti rugi tagih tuntut perbendaharaantuntutan ganti rugi netto
13,709,23,58566437595383 aset lain aset tak berw ujud aset lainlain wajib wajib jangka pendek utang pihak tiga utang belum tagih dapat terima muka uang muka kppn utang jangka pendek lain c23 c24 c25 c26 c27 c3 c31 c4 c41 c42 c43 c5 c51 c52 c53 c54 c55 c56
14,7823,26,dapat pajak dapat negara bukan pajak jumlah dapat beban beban pegawai beban sedia beban barang jasa beban pelihara beban jalan dina beban barang serah masyarakat beban susut amortisasi beban sisih piutang tak tagih jumlah beban surplu defisit giat operasion giat non operasion surplu defisit lepa aset non lancar surplu defisit giat non operasion lain surplusdefisit giat non operasion po luar biasa beban luar biasa surplusdefisit po luar biasa 1500170160060551
15,7910,31,dasar hukum susun lapor uang jela umum a1 dasar hukum uud 1945 pasal 23 ayat tetap anggar dapat belanja negara apbn wujud kelola uang negara tetap tahun undangundang laksana buka tanggung jawab sebesarbesarnya makmur rakyat
16,5119,31,undangundang nomor 17 tahun 2003 uang negara pasal 30 ayat tetap presiden sampai rancang undang undang pertanggungjawaban laksana apbn dewan wakil rakyat dpr upa lapor uang telah periksa badan periksa uang bpk selambatlambatnya enam bulan tahun anggar akhir
17,6531,31,undangundang nomor tahun 2004 bendahara negara pasal 55 ayat tetap menteripimpinan lembaga selaku guna anggaranpengguna barang beri nyata kelola apbn selenggara dasar sistem kendali intern pada akuntansi uang selenggara sesuai standar akuntansi perintah
18,9703,32,25 atur menteri uang nomor 213pmk042008 tata cara bayar setor terima negara rangka impor terima negara rangka ekspor terima ata barang kena cukai terima negara asal kena denda administrasi ata angkut barang tentu bagaimana akhir ubah atur menteri uang nomor 30pmk042013
19,2649,34,45 atur menteri uang nomor 158pmk022016 ubah ata atur menteri uang nomor 218pmk022014 tata cara bayar reimburs pajak tambah nilai pajak jual ata barang mewah ata oleh barang kena pajak danatau jasa kena pajak kontraktor giat usaha hulu minyak ga bumi
20,3184,35,profil bijak tekni menteri uang a21 profil menteri uang indonesia menteri uang dasar atur presiden nomor 28 tahun 2015 menteri uang punya tuga sangat strategi ini menteri uang perintah republik rupa kelola fiskal wenang susun bijak fiskal kerangka ekonomi makro anggar kelola anggar dapat belanja negara apbn administrasi paja administrasi pabean cukai bendahara kelola kaya negara imbang uang pusat daerah kelola biaya risiko
21,5367,35,laksana peran strategi urai ata sesuai atur menteri uang nomor 212pmk012017 ubah ata atur menteri uang nomor 234pmk012015 organisasi tata kerja menteri uang menteri uang punya tuga selenggara uru bidang uang kaya negara perintah bantu presiden selenggara perintah negara laksana tuga menteri uang punya fungsi rumu tetap laksana bijak bidang anggar pajak pabean cukai bendahara kaya negara imbang uang kelola biaya risiko rumu tetap beri rekomendasi bijak fiskal sektor uang koordinasi laksana tuga bina beri dukung administrasi seluruh unsur organisasi lingkung menteri uang kelola barang milikkekayaan negara awa ata laksana tuga lingkung menteri uang laksana bimb tekni supervisi ata laksana uru menteri uang daerah laksana giat tekni pusat ke daerah laksana
22,2336,36,laksana tuga fungsi menteri uang menteri uang bantu wakil menteri uang 11 sebela unit eselon delapan staf ahli empat pusat itu dukung tuga fungsi menteri uang bentuk sekretariat adil pajak pusat investasi perintah sekretariat komit awa paja lembaga kelola dana didik bagan struktur organisasi menteri uang lihat gambar ikut
23,5467,37,visi baru gerak utama arti menteri uang peran atur kelola uang negara peran prime mover dorong bangun nasion masa depan lalu manajemen dapat belanja negara proaktif menteri uang gerak arah ekonomi negara songsong masa depan
24,5009,37,tumbuh ekonomi inklusif indikasi tumbuh bangun arah menteri uang hasil dampak rata seluruh indonesia ini capai lalu koordinasi solid antar mang pent perintah lalu tetap bijak fiskal efektif
25,6298,38,a24 nilainilai menteri uang visi baru gerak utama arti menteri uang peran atur kelola uang negara peran prime mover dorong bangun nasion masa depan lalu manajemen dapat belanja negara proaktif menteri uang gerak arah ekonomi negara songsong masa depan
26,4327,38,wujud menteri uang institusi perintah baik kualita martabat percaya hormat dukung tingkat kerja institusi menteri uang akan jadi dasar pondasi institusi menteri uang pimpin seluruh pegawai abdi kerja sikap menteri uang terbit tanggal 12 putu menteri uang nomor 312kmk012011 septemb 2011 nilainilai menteri uang liput
27,7735,39,a25 tuju menteri uang bijak fiskal cermin alokasi dapat belanja perintah apbn milik pengaruh besar alokasi sumber daya ekonomi akan pengaruh tumbuh ekonomi redistribusi dapat stabilita ekonomi kelola fiskal baik harap sejahtera masyarakat adil lanjut jadi citacita bangsa wujud
28,3899,39,bijak fiskal tahun 20152019 arah dukung tumbuh ekonomi inklusif adil dorong strategi reindustrialisasi transformasi ekonomi tetap tahan lanjut fiskal lalu tingkat mobilisasi terima negara tingkat kualita belanja negara optimalisasi kelola risiko pembiayanutang tingkat kualita kelola kaya negara
29,6784,41,a27 anggar dapat belanja menteri uang anggar dapat belanja negara lanjut singkat apbn rencana uang tahun perintah negara tuju dewan wakil rakyat apbn tahun anggar 2018 atur undangundang republik indonesia nomor 15 tahun 2017 anggar dapat belanja negara tahun anggar 2018
30,6690,42,tabel nilai kerja organisasi tahun anggar 2018 kode ssiku sasar strategi target realisasi indek stakehold perspect kelola fiskal sehat lanjut dukung masyarakat adil makmur rasio defisit apbn pdb rasio imbang primer terhdap pdb rasio utang pdb rasio terima pajak pdb indek perata mampu uang antar daerah 219 059 2883 1090 058 1a 1b 1c 1d 1e 2a 2b 2c 3a 4a 4b 5a 6a 6b 6c 7a 7b 7c 8a 8b 8c 9a 9b 10 10a 10b 11 11a 11b 11c 12 12a 12b 13 13a 13b 13c
31,6007,42,custom perspect 20 penuh layan publik prima indek pua publik ata layan kemenkeu waktu selesai prose pabean dwell time patuh bijak kelola uang negara tinggi ratarata persentas patuh ata atur paja intern process perspect 40 formulasi bijak fiskal kualita deviasi proyeksi indik ekonomi makro deviasi exercis iaccount kerjasama ekonomi uang internasion optim persentas manfaat hasil kerja sama ekonomi uang internasion bidang uang terima belanja transfer optim persentas terima negara pajak bea cukai pnbp persentas kerja laksana anggar kementerianlembaga persentas belanja infrastrutur didik sehat dana desa miskin transfer daerah dana desa tkdd kelola ka kaya negara biaya optim deviasi proyeksi rencana ka perintah pusat rasio utilisasi aset total aset tetap persentas ada utang biaya kendali kendali mutu efektif indek opini bpk ri ata lkpp indek opini bpk ri ata lk bun persentas rekomendasi bpk ata lkpp lk bun telah ditindaklanjuti tega hukum efektif persentas hasil sidi telah nyata lengkap jaksa p21 persentas hasil laksana joint audit learn growth perspect 40 sdm kompetitif persentas jabat telah penuh standar kompetensi jabat persentas alumni latih tingkat kerja organisasi fit purpos persentas implementasi inisiatif rbtk tingkat penuh unit kerja kriteria zi wbk indek persepsi integrita sistem manajemen informasi andal tingkat downtim sistem tik persentas kapabilita tata kelola tik kelola anggar kualita persentas rekomendasi bpk ata lk ba 15 telah ditindaklanjuti indek opini bpk ata lk ba 15 persentas kualita laksana anggar nilai kerja organisasi 435 087 29 6750 7858 300 300 123 085 8500 10000 176 001 2998 1032 055 441 057 382 10198 8781 8001 122 8730 11901 9439 10000 8000 7500 500 8500 10000 8900 6500 9975 8120 8485 9400 9588 7000 9153 9200 10000 85 035 7500 8900 9500 9800 11505 8765 00106 8530 9119 9673 10710 10170 11963 12000 9600 9468 10517 10549 9456 10138 12000 6828 11641 11641 11440 12000 12000 12000 11765 11765 10620 10198 10976 10668 11445 12000 10271 11901 11585 12000 12000 10606 11225 12000 10450 11117 11100 10200 12000 10836 10652 11505 10312 11724 12000 11373 10809 10246
32,2754,43,tabel program menteri uang tahun anggar 2018 program program dukung manajemen laksana tuga tekni lain menteri uang program kelola anggar negara program tingkat aman terima pajak program awa layan terima bidang pabean cukai program kelola bendahara negara program kelola kaya negara selesai uru piutang negara layan lelang program tingkat kelola imbang uang perintah pusat perintah daerah program kelola biaya risiko program awa tingkat akuntabilita aparatur menteri uang program rumu bijak fiskal program didik latih aparatur bidang uang negara
33,7509,43,dekat susun lapor uang lapor uang tahun anggar 2018 rupa lapor cakup seluruh aspek uang kelola menteri uang lapor uang hasil lalu sistem akuntansi instansi sai rangkai prosedur manual maupun komputerisasi mulai kumpul data catat ikhtisar dengan lapor posisi uang operasi uang menteri negaralembaga
34,9749,43,sai diri sistem aplikasi uang tingkat instansi sakti sistem akuntansi instansi ba akrual saiba sistem informasi manajemen akuntansi barang milik negara simakbmn sai rancang hasil lapor uang satu kerja diri lapor realisasi anggar neraca lapor operasion lapor ubah ekuita simakbmn sistem hasil informasi aset tetap sedia aset lain band neraca lapor barang milik negara lapor manajeri lain
35,2796,44,tabel rekapitulasi jumlah satker sampai lapor uang eselon kode eselon urai kp kd jumlah satker sekretariat jender 10 20 inspektorat jender ditjen anggar ditjen pajak ditjen bea cukai ditjen imbang uang ditjen kelola biaya risiko ditjen bendahara ditjen kaya negara bppk bkf satker konsolidasi 592 135 216 88 13
36,6128,44,menteri uang terap basi akrual susun saji neraca lapor operasion lapor ubah ekuita basi ka susun saji lapor realisasi anggar basi akrual basi akuntansi aku pengaruh transaksi peristiwa lain transaksi peristiwa jadi perhati saat ka tara ka terima bayar basi ka basi akuntansi aku pengaruh transaksi peristiwa lain saat ka tara ka terima bayar ini sesuai standar akuntansi perintah sap telah tetap atur perintah nomor 71 tahun 2010 standar akuntansi perintah
37,5143,45,bijak akuntansi bijak akuntansi susun saji lapor uang tahun 2018 acu standar akuntansi perintah sap bijak akuntansi rupa prinsip prinsip dasardasar konvensikonvensi aturanaturan praktikpraktik spesifik pilih suatu entita lapor susun saji lapor uang bijak akuntansi terap lapor uang adalah rupa bijak tetap menteri uang samp dalam susun terap kaidahkaidah kelola uang sehat lingkung perintah
38,4304,46,aku dapat perpajakanlo beda dasar sistem mungut pajak cara self assess system withhold assess system offici assess system aku dapat perpajakanlo oleh sistem self assess maupun sistem withhold assess aku saat realisasi terima paja masuk reken ka umum negara lebih perintah terbit tetap dokumen sumber catat dapat paja lo sistem self assess maupun sistem withhold assess lingkup menteri uang guna hasil rekonsiliasi terima djbc apabila akhir period lapor dapat terima belum dapat nomor daftar dokumen pabean ungkap calk
39,1704,46,sesuai buletin tekni 24 akuntansi dapat paja aku dapat perpajakanlo pungut sistem offici assess aku timbul hak tagih dapat paja timbul hak tagih pada saat perintah terbit tetap punya kuat hukum ikat haru bayar wajib pajak sesuai tentu atur paja laku saat badan adil keluar putu ata gugat tetap sebut jadi dokumen sumber catat dapat perpajakanlo dokumen sumber catat dapat perpajakanlo sistem offici assess lingkup menteri uang ketetapankeputusanputusan terbit perintah badan adil akibat kurang bayar timbul piutang paja
40,7302,46,dapat pajak tambah nilai ppn pajak jual barang mewah ppnbm aku ppn ppnbm utang bayar danatau lapor usaha pada saat tetap ata pemeriksaankeputusan keberatanband akibat kurang bayar terbit tuga pajak tidak aju upaya hukum wajib pajak dengan bata waktu telah tentu
41,8180,47,dapat paja negeri dapat cukai dapat cukai hasil tembakau ckht aku saat dokumen mesan pita cukai dapat nomor daftar ck1 telah laku bayar sspcp dokumen ck kredit sk tunda bayar catat dapat cukai besar nilai dokumen ck1 sspcp
42,868,49,dapat imbal jasa jamin infrastruktur aku saat timbul hak ata dapat imbal jasa jamin infrastruktur telah beri sesuai lalu waktu akuntansi pendapatanlo laksana dasar aza bruto buku terima bruto tidak catat jumlah neto kompensasi dengan keluar
43,7609,49,semua pendapatanlo menteri uang belum atur surat edar menteri uang nomor se30mk012018 tunjuk tekni bijak akuntansi dapat piutang utang ba akrual lingkup menteri uang ba 015 ikut bijak akuntansi pendapatanlo umum sesuai standar akuntansi perintah
44,4577,51,piutang paja putu jadi piutang paja catat nilai dasar sistem mungut pajak laku basi akuntansi aku aset atur standar akuntansi perintah lanjut dasar atur perundangundangan paja laku bijak akuntansi ambil aku ukur piutang pajak bagai ikut
45,9617,52,terbit surat putu laksana putu band terbit surat putu laksana putu tinjau sebab jumlah yang masih bayar tambah terbit surat pemberitahuan pajak utang terbit surat tagih pajak pajak bumi bangun terbit surat tetap pajak pajak bumi bangun terbit surat tetap bea oleh hak ata tanah bangun kurang bayar
46,1879,53,ruang lingkup objek milik negara revaluasi laku aset tetap upa tanah gedung bangun jalan jare irigasi upa jalan jembatan bangun air menteri negaralembaga sesuai kodefikasi barang milik negara oleh 31 desemb 2015 masuk tetap kementerianlembaga sedang laksana manfaat laksana nilai dalam rangka revaluasi laku dekat data pasar dekat biaya danatau dekat dapat nilai perintah lingkung direktorat jender kaya negara menteri uang revaluasi laku tahun 2017 2018 dasar timbang efisiensi anggar waktu selesai laksana nilai laku dengan survey lapang objek nilai upa tanah tanpa survey lapang objek nilai tanah
47,6221,53,revaluasi aset nilai aset tetap hasil nilai jadi nilai oleh baru nilai akumulasi susut nol hal nilai aset tetap hasil revaluasi lebih tinggi nilai buku belum selisih sebut aku tambah ekuita lapor uang apabila nilai aset tetap hasil revaluasi lebih rendah nilai buku belum selisih sebut aku kurang ekuita lapor uang
48,5400,53,aset tetap guna giat operasion perintah sebab lain au tinggal jaman sesuai butuh organisasi makin kembang rusak berat tidak sesuai rencana umum tata ruang rutr masa guna akhir reklasifikasi aset lainlain po aset lain
49,1008,53,a653 piutang jangka panjang piutang jangka panjang piutang akan jatuh tempo akan realisasi lebih 12 bulan sejak tanggal lapor masuk piutang jangka panjang tagih jual angsur tpa tagih tuntut perbendaharaantuntutan ganti rugi tptgr jatuh tempo lebih satu tahun
50,5730,53,tpa gambar jumlah dapat terima jual aset perintah angsur pegawai perintah nilai besar nilai nomin kontrakberita acara jual aset sangkut rang angsur telah bayar pegawai ka negara daftar saldo tagih jual angsur
51,2057,53,tuntut ganti rugi suatu prose laku pegawai negeri bukan pegawai negeri bukan bendahara tuju tuntut ganti ata suatu rugi derita negara akibat langsung atau langsung suatu buat langgar hukum laku pegawai sebut lalai laksana tuga
52,6832,54,seragam saji ungkap atb seluruh satu kerja perintah pusat tata cara saji ungkap atb sesuai bultek sap no17 atur atur menteri uang republik indonesia nomor 251pmk062015 tanggal 29 desemb 2015 tata cara amortisasi barang milik negara upa aset tak wujud entita perintah pusat putu menteri uang nomor 620km62015 masa manfaat rangka amortisasi barang milik negara upa aset tak wujud entita perintah pusat
53,8854,55,kualita piutang urai sisih lancar laku luna sd tanggal jatuh tempo 05 kurang lancar satu bulan hitung sejak tanggal surat tagih pertama laku luna ragu satu bulan hitung sejak tanggal surat tagih dua laku luna macet satu bulan hitung sejak tanggal surat tagih tiga laku luna 10 50 100
54,9441,55,piutang serah panitia uru piutang negaradjkn khusu kualita piutang paja atur atur direktur jender pajak nomor per02pj2012 tanggal 25 januari 2012 bagaimana ubah akhir atur direktur jender pajak nomor per 39pj2013 tanggal 25 novemb 2013 ubah tiga ata atur direktur jender pajak nomor per02pj2012 golong kualita piutang pajak cara hitung sisih piutang pajak per39pj2013 kualita piutang pajak golong jadi kualita diri lancar kurang lancar ragu macet
55,4375,56,ii terbit surat putu tuju angsur tunda bata waktu bayar pajak angsuranpenundaan surat putu sebut iii laksana tagih ketika sekaligu iv terbit surat paksa umur surat paksa lewat tahun laksana sita dengan jumlah seluruh nilai barang sita cantum berita acara laksana sita lebih 25 puluh lima persen jumlah seluruh piutang pajak jadi dasar sita cantum berita acara laksana sita
56,1562,56,iii laksana sita jumlah seluruh nilai barang sita cantum berita acara laksana sita dengan 25 puluh lima persen jumlah seluruh piutang pajak jadi dasar sita cantum berita acara laksana sita iv sedang aju upaya hukum wajib pajak tanggung pajak sedang prose pailit prose tunda wajib bayar utang bagaimana maksud undangundang nomor
57,4178,57,vi hak tagih daluwarsa vii hak tagih daluwarsa penuh syarat hapu sesuai tentu atur perundangundangan bidang paja telah buat lapor hasil teliti administrasi lapor hasil teliti tempat simpul piutang pajak sebut penuh syarat usul hapu
58,8090,57,piutang pajak bumi bangun sektor tambang minyak bumi ga bumi pana bumi bayar lalu pemindahbukuan direktorat jender anggar golong kualita lancar apabila punya umur piutang pajak dengan satu tahun ada pasti selesai direktorat jender anggar
59,5619,57,piutang pajak bumi bangun sektor tambang minyak bumi ga bumi pana bumi bayar lalu pemindahbukuan direktorat jender anggar golong kualita macet apabila punya umur piutang pajak lebih satu tahun belum pasti selesai direktorat jender anggar
60,4738,57,a8 susut aset tetap susut aset tetap susut aset tetap sesuai nilai hubung turun kapasita manfaat suatu aset tetap bijak susut aset tetap dasar atur menteri uang no01pmk062013 bagaimana ubah pmk no90pmk062014 susut
61,5465,58,aset tak wujud nyata hilang dasar dokumen sumber sah sesuai tentu atur perundangundangan bidang hak cipta copyright telah usul kelola barang atur guna barang perundangundangan bidang delegasi wenang laku hapu tentu sesuai aset tak wujud kondisi usang rusak berat telah usul kelola barang guna barang sum tentu atur perundangundangan bidang delegasi wenang laku pemindahtanganan musnah atau hapu
62,154,60,bijak akuntansi susun lapor uang blu rangka terap pertama kali psap 13 saji lapor uang blu atur menteri uang nomor 220pmk052016 sistem akuntansi lapor uang blu bijak akuntansi susun lapor uang blu lingkup menteri uang ta 2018 bagai ikut
63,5285,61,ta 2018 ribu rupiah urai realisasi bruto kembali realisasi neto terima paja terima negara bukan pajak 1639382122533 120590173667 1518791948866 21147791537 225770336 20922021201 jumlah 1660529914070 120815944003 1539713970067 komposisi realisasi dapat negara hibah neto ta 2018 lihat grafik ikut
64,1912,62,realisasi dapat negara hibah neto ta 2018 alami naik besar rp17767472534199500 1304 persen realisasi dapat negara hibah ta 2017 naik asal dapat pajak negeri rp16859454108316800 dapat pajak dagang internasion rp666776499597700 pada terima negara bukan pajak besar rp241241926285000
65,3331,62,tabel 11 realisasi dapat neto per unit eselon ta 2018 eselon estimasi realisasi sekretariat jender inspektorat jender ditjen anggar ditjen pajak ditjen bea cukai ditjen imbang uang ditjen kelola biaya risiko ditjen bendahara ditjen kaya negara 10 badan diklat uang 11 badan bijak fiskal jumlah ribu rupiah 1817084050 1423999938462 194118461553 84865895 11554836676 884391221 20294464 1632479872321 1867070102 161639 699535 1313347887240 205530571812 677539 95499404 15563997941 3255633927 50746903 1024026 1539713970068 10275 000 000 9223 10588 000 11253 13470 36812 25005 000 9432
66,9534,63,ta 2018 ta 2017 urai ta 2018 ta 2017 naik turun naik turun ribu rupiah 10 11 sekretariat jender inspektorat jender ditjen anggar ditjen pajak ditjen bea cukai ditjen imbang uang ditjen kelola biaya risiko ditjen bendahara ditjen kaya negara badan diklat uang badan bijak fiskal jumlah 1867070101 161639 699535 1313347887239 205530571812 677539 95499404 15563997941 3255633927 50746903 1024026 1539713970066 1863811291 33443 450761 1151077845435 192566831945 1727984 69172546 14802660586 1605176506 49684081 1850147 1362039244725 3258810 128195 248774 162270041804 12963739867 1050445 26326859 761337355 1650457421 1062822 826121 177674725342 017 38332 5519 1410 673 6079 3806 514 10282 214 4465 1304
67,3188,64,lapor uang menteri uang ta 2018 audit b11 terima negeri b111 terima paja realisasi terima paja neto rp151879 triliun terima paja asal pajak negeri pajak dagang internasion realisasi terima paja neto ta 2018 besar rp151879194886551100 9386 persen target tetap apbn ta 2018 besar rp161809549316200000
68,1541,65,tabel 17 band realisasi terima paja neto per unit eselon ta 2018 ta 2017 ribu rupiah urai ta 2018 ta 2017 naik turun naik turun ditjen pajak ditjen bea cukai 1313322214395 1151028064275 162294150120 205469734471 192501578512 12968155959 jumlah 1518791948866 1343529642787 175262306079 terima paja alami naik besar rp17526230607914500 1304 persen realisasi terima paja ta 2017 naik terima paja utama jadi pajak hasil pph besar rp10319002407920100 besar rp5653811842343000
69,2241,67,lapor uang menteri uang ta 2018 audit b1112 dapat pajak negeri neto realisasi dapat pajak negeri neto rp147291 triliun realisasi dapat pajak negeri neto ta 2018 besar rp147291075475014000 9326 persen target tetap apbn ta 2018 besar rp157939549316200000 band realisasi dapat pajak negeri ta 2017 jadi naik besar rp16859454108316800 1293 persen
70,862,69,umum terima paja tahun anggar 2018 capai rp 151879 triliun tumbuh 1305 band realisasi period sama tahun belum tumbuh tahun anggar 2018 lebih banyak topang masih positif kondisi sektor utama sektor industri olah dagang tambang jasa uang
71,5303,69,beberapa kondisi turut kontribusi tingkat terima pajak tahun anggar 2018 lain turun nilai kembali lebih bayar pajak cukup signifikan tingkat harga komodita khusu hasil tambang tingkat impor bahan baku barang modal tingkat patuh wajib pajak pasca program tax amnesti masuk tingkat jumlah wajib pajak tingkat kualita hasil periksa akibat tingkat nilai tetap pajak tingkat bayar dividen beberapa sektor usaha band period sama tahun lalu tingkat setor pph miga akibat tingkat nilai kur jumlah lift tingkat bayar gaji beberapa sektor usaha maupun belanja gaji apbn apbd ada giat pilkada serentak gelar piala dunia sepak bola sumbang tingkat aktivita ekonomi indonesia
72,7414,69,pajak hasil pasal 21 realisasi terima pph pasal 21 tahun anggar 2018 capai rp13491 triliun tumbuh 1456 band realisasi period sama tahun anggar 2017 tumbuh pph pasal 21 positif tunjang tingkat beri gaji tunjang cukup signifikan beberapa sektor usaha masuk tingkat realisasi belanja gaji apbn apbd tahun anggar 2018 beberapa sektor usaha pale utama kontribusi lain sektor administrasi perintah tingkat rp294 triliun tumbuh 1246 sektor usaha industri olah tingkat rp279 triliun tumbuh 1171 sektor usaha jasa uang tingkat rp028 triliun tumbuh 950
73,2113,69,rp 1801 triliun tumbuh 1136 band realisasi period sama tahun anggar 2017 tumbuh pph pasal 22 positif topang kondisi ekonomi umum masih kuat baik harga komodita tambang tumbuh terima pph pasal 22 ata ekspor komodita tambang batu bara miner dasar jeni setor pph pasal 22 dominasi setor masa kontribusi besar 5191dan realisasi besar rp914 triliun tumbuh terima pph pasal 22 period sd bulan desemb kode jeni setor kj sebut besar 318 lihat sektor usaha sektor industri olah rupa sektor setor pph pasal 22 pale dominan kontribusi 2525 nilai realisasi sd bulan desemb
74,7146,70,pajak hasil pasal 22 impor realisasi terima pph pasal 22 impor tahun anggar 2018 capai rp5473 triliun tumbuh 2681 band realisasi period sama tahun anggar 2017 terima pph pasal 22 impor dominasi jeni sektor usaha yakni sektor dagang sektor industri olah topang utama tumbuh pph pasal 22 asal subsektor dagang besar tumbuh 397 lanjut tumbuh 225 tahun 2017 itu subsektor industri logam dasar alami tumbuh signifikan tumbuh 592 tahun 2018 lanjut tumbuh 482 di tahun 2017
75,6260,70,tahun 2018 pajak hasil pasal 23 realisasi terima pph pasal 23 tahun anggar 2018 capai rp3974 triliun tumbuh 1686 band realisasi period sama tahun anggar 2017 tumbuh pph pasal 23 positif topang tingkat aktivita usaha umum sektor utama dorong tingkat pph pasal 23 khusu pph pasal 23 ata jasa sewa wp sektor industri olah dagang bagi dividen korporasi relatif tingkat tahun 2017 tumbuh pph pasal 23 ata dividen cukup signifikan capai 3013
76,6550,70,pajak hasil pasal 2529 orang pribadi realisasi terima pph pasal 2529 orang pribadi tahun anggar 2018 capai rp94 triliun tumbuh 2050 band realisasi period sama tahun anggar 2017 tumbuh signifikan rupa salah satu dampak langsung tingkat patuh pasca program ampun pajak tumbuh signifikan topang bayar pph pasal 29 kurang bayar spt tahun tumbuh besar 2378 capai rp triliun
77,8387,70,realisasi terima pph pasal 2529 badan tahun anggar 2018 capai rp25213 triliun tumbuh 2207 band realisasi period sama tahun anggar 2017 kerja positif sektor umum lihat terima pph pasal 2529 badan pale dominan lain sektor jasa uang tumbuh 1721 sektor industri olah tumbuh 1187 sektor tambang tumbuh sangat signifikan hingga 10056 jalan harga komodita tambang yang teru kuat tahun 2018 sektor dagang tumbuh 3607 daripada tumbuh positif juga sebab turun nilai restitusi tahun anggar 2018 nila rp33 triliun turun besar 58
78,1115,70,pajak hasil pasal 26 realisasi terima pph pasal 26 tahun anggar 2018 capai rp5064 triliun tumbuh 159 band realisasi period sama tahun anggar 2017 tumbuh positif jalan tinggi pph pasal 23 ata bunga pph pasal 26 ata bayar dividen subyek pajak luar negeri tumbuh signifikan total capai 4368 capai rp313 triliun
79,3548,71,tahun 2018 realisasi terima pph final tahun anggar 2018 capai rp11546 triliun tumbuh 861 band realisasi period sama tahun anggar 2017 tumbuh positif lebih sebab tingkat jadi tingkat terbit obligasi bayar pajak ata bungadiskonto obligasi nila rp 164 triliun tumbuh besar 1307 tingkat sewa topang tumbuh pph final tingkat nila rp135 triliun tumbuh besar 1038 lanjut tingkat aktivita pembangunankonstruksi topang tumbuh terima pph final nila rp214 triliun tumbuh besar 1217 daripada tumbuh terima pph final sebab ada bijak paja dengan laku pp nomor 36 tahun 2017 kena pajak hasil ata hasil tentu upa harta bersih laku anggap hasil laku sejak septemb 2017
80,1889,71,realisasi terima ppn negeri tahun anggar 2018 capai rp33392 triliun tumbuh 623 band realisasi period sama tahun anggar 2017 tumbuh positif dorong kombinasi kondisi ekonomi umum masih positif yang pale dominan sektor jasa konstruksi tingkat nila rp227 triliun tumbuh 539 sektor dagang besar tingkat nila rp106 triliun tumbuh 1434
81,7475,71,realisasi terima ppn impor tahun anggar 2018 capai rp18639 triliun tumbuh 2507 band realisasi period sama tahun anggar 2017 lihat sektor usaha sektor industri olah rupa sektor setor ppn impor pale dominan kontribusi 5855 nilai realisasi sd bulan desemb besar rp10915 triliun tumbuh besar 2299 band tahun 2017 sektor industri olah diri 24 subsektor kontribusi besar sektor asal subsektor industri makan realisasi sd bulan desemb 2018 besar rp1163 triliun tumbuh besar 1236 band tahun 2017 sektor kontribusi ppn impor besar dua sektor dagang besar ecer kontribusi 3375 nilai realisasi besar rp6292 triliun tumbuh besar 3207
82,1499,71,realisasi terima ppnbm negeri impor tahun anggar 2018 capai rp1279 triliun tumbuh 375 band realisasi period sama tahun anggar 2017 tumbuh negatif topang masih tinggi konsumsi jeni kendara motor roda empatlebih masuk kategori low cost green car yang dapat fasilita ppnbm tahan tumbuh ppnbm sektor otomotif itu tumbuh negatif terima ppnbm akibat turun jual huni mewah tahun 2018
83,9313,72,12 pajak bumi bangun realisasi terima pbb tahun anggar 2018 capai rp1944 triliun tumbuh 1583 band realisasi period sama tahun anggar 2017 tumbuh terima pbb dominan topang tingkat terima pbb miga besar rp144 triliun tingkat nila rp215 triliun ire tingkat produksi harga minyak bumi ga alam
84,6194,72,13 pajak lain realisasi terima pajak lain tahun anggar 2018 capai rp663 triliun tumbuh 162 band realisasi tahun anggar 2017 tumbuh negatif lebih sebab terima tidak ulang upa bayar ata bunga tagih tahun 2017 nilai cukup signifikan capai rp400 miliar itu tingkat terima jual benda meterai bea meterai nila rp373 miliar hanya tumbuh 735
85,3091,76,dapat kembali dapat blu tabel 30 band realisasi dapat blu neto ta 2018 ta 2017 ribu rupiah naik turun naik turun ta 2018 17271437233 4756700 2930286591 20206480524 ta 2017 16373042570 4552312 1473045672 17850640554 898394663 204388 1457240919 2355839970 dapat jasa layan umum dapat hasil kerja sama blu dapat blu lain urai jumlah
86,220,77,tabel 31 realisasi dapat blu neto dasar satu kerja ta 2018 urai pusat investasi perintah pip lembaga jamin dana didik lpdp badan kelola dana kebun kelapa sawit bpdpk lembaga manajemen aset negara lman sekolah tinggi akuntansi negara stan jumlah ribu rupiah estimasi realisasi 42935354 1807750000 99350802 1839109172 11507000000 15456480417 550606020 2767629590 18849000
87,1788,77,dapat pip rupa dapat investasi dapat jasa layan perban blu dapat lpdp rupa dapat investasi deposito obligasi dapat bpdpk besar diri dapat pungut dana kebun kelapa sawit dapat jasa layan perban blu dapat lman rupa pnbp aktivita manajemen aset pnbp jasa layan perban dapat stan rupa dapat jasa layan didik
88,2528,77,ribu rupiah stan jumlah b12 hibah sesuai atur menteri uang nomor 230pmk052012 sistem akuntansi hibah beri kuasa ata nama menteri uang selaku bendahara umum negara bun wakil perintah catat terima hibah direktorat jender kelola biaya risiko karena di lapor uang bagi anggar 015 tidak terima hibah
89,1937,78,realisasi belanja neto ta 2018 alami turun besar rp48443553824100 120 persen realisasi belanja neto period ta 2017 besar rp4038490362690600 turun belanja jadi belanja barang sebut jadi kurang belanja barang operasion bpdp kelapa sawit rangka belanja salur subsidi biodiesel
90,2381,79,b211 belanja menteri uang unit eselon realisasi belanja menteri uang ta 2018 dirinci unit eselon bagaimana lihat tabel tabel sebut tunjuk keluar besar pada sekretariat jender besar rp1965266148919000 4925 persen total realisasi belanja menteri uang
91,1422,84,ta 2018 belanja pegawai neto realisasi besar rp2036127616946900 9738 persen pagu tetap dipa ta 2018 besar rp2090839659300000 jumlah kembali belanja pegawai ta 2018 besar rp1132056378100 apabila band ta 2017 realisasi belanja pegawai ta 2018 alami naik besar rp307722444643300 1708 persen adapun realisasi belanja pegawai ta 2017 besar rp1728405172303600
92,2524,86,b4 belanja barang belanja barang rp1774 triliun beberapa satker blu milik belanja pegawai antara lpdp setjen bpdpk djpb lman djkn belanja pegawai pn biaya satker kantor pusat unit eselon satker blu belanja gaji non pn biaya akun belanja barang adapun pagu belanja pegawai djpb blu asal satker blu pip rupa uang lembur
93,3610,86,ta neto 2018 barang belanja besar realisasi rp1774436941728500 arti 7469 persen pagu tetap dipa ta 2018 besar rp2375737494500000 jumlah kembali belanja barang ta 2018 besar rp1380780249900 apabila band ta 2017 realisasi belanja barang ta 2018 alami turun besar rp421576802545200 1920 persen adapun besar rp2196013744273700
94,1199,89,ata belanja barang blu bpdpk dapat belanja kelola dana kebun kelapa sawit nila rp627688596344900 belanja sebut dapat realisasi belanja barang remaja kebun kelapa sawit ppk bpdpk transfer kebun kelompok tani nila rp31515507250000 tanggal 31 desemb 2018 tani besar rp23403322987346 dengan rincian ikut
95,418,89,rupiah realisasi belanja modal neto menteri uang ta 2018 besar rp179482250191100 arti 7729 persen pagu tetap dipa ta 2018 besar rp232209118200000 jumlah kembali belanja modal ta 2018 besar rp17878825000 apabila band ta 2017 realisasi belanja modal ta 2018 alami naik besar rp65410804077800 5734 persen adapun realisasi belanja modal ta 2017 besar rp114071446113300
96,2819,92,b51 belanja modal tanah belanja modal tanah rp2571 miliar realisasi belanja modal tanah neto ta 2018 besar rp2571516872000 arti 9367 persen pagu tetap dipa ta 2018 besar rp2745233400000 apabila band ta 2017 realisasi belanja modal ta 2018 alami naik besar rp2423064517000 163222 persen naik sebab ada realisasi beli tanah kppn kutacan kanwil djpb provinsi kalimantan utara
97,8197,92,b52 belanja modal alat mesin belanja modal alat mesin rp109 triliun realisasi belanja modal alat mesin neto ta 2018 besar rp109848365772200 arti 9536 persen pagu tetap dipa ta 2018 besar rp115188847000000 apabila band ta 2017 realisasi belanja modal alat mesin ta 2018 alami naik besar rp38857524754500 5474 persen
98,7054,93,b53 belanja modal gedung bangun realisasi belanja modal gedung bangun neto ta 2018 besar rp47022724419100 arti 9280 persen pagu tetap dipa ta 2018 besar rp50669645200000 apabila band ta 2017 realisasi belanja modal gedung bangun ta 2018 alami naik besar rp14083561369300 4276 persen naik belanja modal gedung bangun jadi lain dapat bangun gedung bdk pekanbaru kanwil djpb provinsi pulau riau kppn samarinda kanwil djkn kalimantan timur utara
99,1198,93,b54 belanja modal jalan irigasi jare realisasi belanja modal jalan irigasi jare neto ta 2018 besar rp637171011000 arti 9828 persen pagu tetap dipa ta 2018 besar rp648301900000 apabila band ta 2017 realisasi belanja modal jalan irigasi jare ta 2018 alami turun besar rp157656572300 1984 persen turun sebut sebab bangun jare tambah irigasi djbc bppk selesai tahun belum
100,8595,93,b55 belanja modal lain realisasi belanja modal lain neto ta 2018 besar rp18382808672800 arti 3083 persen pagu tetap dipa ta 2018 besar rp59628670500000 apabila band ta 2017 realisasi belanja modal lain ta 2018 alami naik besar rp10281490382600 12691 persen naik belanja modal lain sebab lain ada softwar lisensi perlu kantor kembang aplikasi sakti mpn g2 ada buku pustaka bppk
101,7866,93,b56 belanja modal blu belanja modal blu rp1019 miliar besar realisasi belanja modal blu neto ta 2018 rp1019663444000 arti 3064 persen pagu tetap dipa ta 2018 besar rp3328420200000 apabila band ta 2017 realisasi belanja modal blu ta 2018 alami turun besar rp77180373300 704 persen turun belanja modal blu karena ada kendala prose ada renovasi gedung bangun kantor lman
102,9014,94,jela ata pospo neraca c1 aset lancar nilai aset lancar per 31 desemb 2018 31 desemb 2017 mase mase besar rp6414448257939400 rp4302484098128200 naik besar rp2111964159811200 aset lancar rupa aset harap segera dapat realisasi milik pakai jual waktu bela 12 bulan sejak tanggal lapor
103,5264,95,ata ka bendahara keluar sisa nila rp217522315300 sebut setor ka negara besar rp9158483500 nila rp178940587300 hitung tahun anggar 2019 sisa nila rp29423244500 rupa saldo ka perlu transaksi vat refund tourist kantor layan pajak ata ka bendahara keluar sisa tup nila rp13781707300 seluruh setor ka negara
104,9101,95,c12 ka bendahara terima ka bendahara terima per 31 desemb 2018 31 desemb 2017 masingmas besar rp365805794800 rp633071564100 turun besar rp267265769300 tahun belum ka bendahara terima liput saldo uang tunai saldo reken bank ada bawah tanggung jawab bendahara terima sumber asal laksana tuga perintah upa terima negara bukan pajak terima paja turun signifikan besar rp302529490400 asal unit eselon djbc
105,3070,97,investasi jangka pendek blu rp26 miliar c15 investasi jangka pendek badan layan umum masingmas investasi jangka pendek blu per 31 desemb 2018 31 desemb 2017 rp873095610906000 turun besar rp613848276979500 tahun belum nilai rupa deposito jatuh tempo jangka waktu lebih tiga bulan 12 bela bulan sejak tanggal lapor surat harga mudah diperjualbelikan
106,2940,98,c16 belanja bayar muka belanja bayar muka rp40399 miliar beban bayar muka per 31 desemb 2018 31 desemb 2017 mase mase besar rp40399965376700 rp43691253511400 turun besar rp3291288134700 tahun belum beban bayar muka rupa hak masih terima tanggal neraca akibat barangjasa bayar penuh barang jasa terima seluruh rincian ikut
107,6866,98,c17 uang muka belanja uang muka belanja prepay per 31 desemb 2018 31 desemb 2017 masingmas rp325167893800 turun besar rp5971515600 tahun belum uang muka belanja rupa bayar awal ata oleh barangjasa akan luna jangka waktu tentu terima barangjasa sesuai janji luna
108,7434,98,c18 dapat masih terima dapat masih terima per 31 desemb 2018 31 desemb 2017 masingmas besar rp54746025693200 rp26579350944800 naik besar rp28166674748400 tahun belum dapat masih terima rupa hak perintah ata layan telah beri belum terima tagih
109,875,99,piutang paja rp8147 triliun jumlah piutang paja bruto per 31 desemb 2018 31 desemb 2017 besar rp8147705522703100 rp5862195889648000 naik besar rp2285509633055100 tahun belum jumlah sebut rupa piutang negara wajib pajak upa pajak dasar atur perundangundangan paja laku sampai tanggal neraca dapat luna
110,912,99,ubah saldo piutang paja signifikan band ta 2017 lain ada naik saldo piutang cukai bea meterai besar rp882330901510400 nilai saldo piutang pajak lain naik besar rp861128919376300 nilai saldo piutang pajak pph non miga naik besar rp404152000177200 naik saldo piutang cukai bea meterai sebab laksana atur menteri uang nomor 57pmk042017 tunda bayar cukai usaha pabrik importir barang kena cukai pasal 31 poin
111,212,99,hitung sisih piutang tertagihpiutang paja ata dapat nilai sitaanjaminan kurang nilai piutang dasar hitung nilai sisih piutang tertagihpiutang paja nilai estimasi harga pasar aset wajib pajak laku sita belum laku jual lelang atau jual kecuali lelang per 31 desemb 2018 besar rp6087384067900 djp
112,2780,100,tabel 66 rincian sisih piutang tagih pajak paja per jeni per 31 desember2018 31 desemb 2017 urai sisih piutang tagih piutang pajak pph non miga sisih piutang tagih piutang pajak ppn sisih piutang tagih piutang pajak ppnbm sisih piutang tagih piutang pajak pbb bphtb sisih piutang tagih piutang cukai bea materai sisih piutang tagih piutang pajak lain sisih piutang tagih piutang pajak dagang internasion
113,9180,100,tahun 2018 saldo piutang dihapusbukukan besar besar alami rp2354573180008900 rp920846504484300 saldo 2017 besar rp3275419684493200 dapat ubah statu daluwarsa piutang saldo 2017 rp3275419684493200 jadi rp1837826398962660 ada penghapustagihan piutang pajak pembayaranpelunasan wajib pajak hitung daluwarsa piutang pajak besar bagaimana jela tabel ikut
114,5706,101,dapat piutang daluwarsa tagih dihapusbukukan 2017 laku penghapustagihanan piutang pajak sesuai se13pj2013 usul hapu piutang pajak laku reviu inspektorat jender menteri uang sampai menteri uang hapu dengan tanggal lapor telah terbit putu menteri uang hapu piutang pajak tidak tagih nila rp523174898494200
115,1482,101,rangka penuh hak wajib wajib pajak menteri uang lalu direktorat jender pajak beri hak wajib pajak aju betul berat kurang hapu sanksi administrasi kurang batal surat tetap pajak kurang batal surat tagih pajak batal hasil periksa pajak surat tetap pajak band gugat tinjau nomin tetap pajak kurang bayar jadi sengketa pajak belum terbit putu putu dengan tanggal 31 desemb 2018 rp17765241765219800
116,7881,102,nilai nomin tetap pajakkeputusanputusan jadi sengketa pajak sebut sepenuh cermin nilai piutang pajak per 31 desemb 2018 ini sebab dua pertama khusu sengketa pajak berat nilai nomin tetap pajak jadi sengketa pajak sebut ata nilai tetap pajak awal bukan ata nilai piutang pajak tunggak pajak belum bayar
117,4705,102,piutang pajak aku skpkbskpkbt besar nilai tuju wajib pajak tahun pajak 2008 teru ini laku stp sppt jeni tetap sebut ada unsur nilai tuju tidak tuju ata nilai tetap pajak pada januari 2018 dengan 31 desemb 2018 skpkbskpkbt terbit besar banyak rp8351461197880500 us953466142
118,5333,103,piutang pnbp rp10605 miliar c110 piutang dapat negara bukan pajak piutang bukan pajak bruto per 31 desemb 2018 31 desemb 2017 masingmas rp10606544223100 rp5558312251300 naik besar rp5048231971800 tahun belum piutang bukan pajak rupa hak aku perintah ata uang jasa layan telah beri belum selesai bayar piutang bukan pajak lain tagih denda lambat kurang kerja lainlain
119,9322,103,djkn c111 bagi lancar tagih tuntut bendahara tuntut ganti rugi tptgr bagi lancar tagih tuntut perbendaharaantuntutan ganti rugi tptgr bruto per 31 desemb 2018 31 desemb 2017 masingmas besar rp23919012200 rp32762956500 turun besar rp8843944300 tahun belum
120,4149,104,c112 piutang giat operasion badan layan umum piutang giat operasion badan layan umum rupa hak aku blu ata uang jasa layan telah beri rangka giat operasion blu belum selesai bayar nilai piutang giat operasion badan layan umum bruto per 31 desemb 2018 31 desemb 2017 masingmas besar rp9314934287400 rp4982427549300 naik besar rp4332506738100 tahun belum
121,1870,105,invoic ata kena tarif pendayagunaan toll fee aset kilang lng badak pt phm rangka cair ga alam besar us699999740 tara rp10136696234900 ini sebab cair ga alam sebut rupa kontrak jangka panjang commit cargo pt tep tidak kena tarif sewa lanjut pt phm
122,7083,105,c113 piutang giat non operasion badan layan umum piutang giat non operasion badan layan umum rupa hak aku blu ata uang jasa layan telah beri rangka giat non operasion blu belum selesai bayar nilai piutang giat non operasion badan layan umum bruto per 31 desemb 2018 31 desemb 2017 masingmas besar rp54733924000 rp46733511300
123,473,106,sedia aset lancar bentuk barang lengkap maksud dukung giat operasion perintah danatau rangka layan untuk jual danatau serah masyarakat nilai sedia per 31 desemb 2018 31 desemb 2017 masingmas rp37666469935100 tahun belum
124,7352,107,nilai aset tetap upa tanah per 31 desemb 2018 31 desemb 2017 masingmas besar rp1943653550409400 rp1934942351178400 dapat naik nilai aset tanah ta 2018 besar rp8711199231000 045 persen nilai aset tetap upa tanah per 31 desemb 2018 dapat besar rp290729927700000
125,2930,108,ribu rupiah saldo awal erekon sai take revaluasi 2017 saldo awal bmn mutasi tambah 100 tambah saldo awal 102 transfer masuk 103 hibah masuk 105 selesai bangun kdp 107 reklasifikasi masuk lainlain mutasi kurang 204 koreksi catat nilaikuantita 302 transfer keluar 304 reklasifikasi keluar 305 koreksi catat 401 henti aset guna lainlain saldo akhir bmn take revaluasi 2018 saldo akhir erekon sai
126,1074,109,nilai alat mesin rp1411 triliun nilai aset tetap upa alat mesin per 31 desemb 2018 2017 masingmas besar rp1410797723591300 rp1362739930089600 dapat naik nilai aset alat mesin ta 2018 besar rp48057793501700 353 persen nilai aset tetap upa alat mesin per 31 desemb 2018 dapat alat mesin milik badan layan umum blu besar rp10672776150800
127,6753,109,saldo awal erekon sai selisih barang hilang selisih aset likuidasi reklasifikasi atr saldo awal bmn mutasi tambah 101 beli 102 transfer masuk 105 selesai bangun kdp 112 oleh lain 922 intern transfer masuk lainlain mutasi kurang 302 transfer keluar 305 koreksi catat 401 penghentiaan aset guna 921 intern transfer keluar lainlain saldo akhir erekon sai bmn rincian mutasi alat mesin belanja modal lihat tabel ikut
128,967,110,nilai gedung bangun rp1454 triliun nilai aset tetap upa gedung bangun per 31 desemb 2018 2017 masingmas besar rp1454454522545700 rp1427126749310200 dapat naik nilai aset gedung bangun ta 2018 besar rp 27327773235500 191 persen nilai aset tetap upa gedung bangun per 31 desemb 2018 dapat gedung bangun milik badan layan umum blu besar rp20159967385000
129,355,110,tabel 83 mutasi ubah gedung bangun ta 2018 saldo awal erekon sai reklasifikasi atr take revaluasi 2017 saldo awal bmn mutasi tambah 102 transfer masuk 105 selesai bangun kdp 107 reklasifikasi masuk 205 koreksi nilai tim tertib aset 208 kembang lalu kdp lainlain mutasi kurang 302 transfer keluar 304 reklasifikasi keluar 305 koreksi catat 401 penghentiaan aset guna lainlain saldo akhir bmn reklasifikasi atr take revaluasi 2018 saldo akhir erekon sai
130,3895,111,rp49246666731400 rp49624013622300 dapat turun nilai aset jalan irigasi jare ta 2018 besar rp377346890900 076 persen jalan irigasi jare diri jalan jembatan nila rp 24257701958900 irigasi nila rp5480405151100 jare nila rp19508559621400 nilai aset tetap upa jalan irigasi jare per 31 desemb 2018 dapat jalan irigasi jare milik badan layan umum blu besar rp1058266741900
131,5697,112,blu tabel 87 rincian aset tetap lain ta 2018 kelompok barang aset tetap renovasi bahan pustaka cetak bahan pustaka rekam bentuk mikro kartografi naskah luki barang corak seni alat corak budaya barang koleksi non budaya total ribu rupiah nilai 18896227 26064787 1300215 1095727 3347997 382989 1435 51089377
132,1197,112,tabel 88 mutasiperubahan aset tetap lain ta 2018 saldo awal erekon sai reklasifikasi atr saldo awal bmn mutasi tambah 101 beli 102 transfer masuk 105 selesai bangun kdp 954 selesai kdp aset tetap renovasi mutasi kurang 302 transfer keluar 401 penghentiaan aset guna saldo akhir bmn reklasifikasi atr saldo akhir erekon sai
133,3199,113,tabel 90 mutasiperubahan konstruksi kerja ta 2018 saldo awal erekon sai mutasi tambah 502 oleh kdp 501 saldo awal kdp 503 kembang kdp mutasi kurang 505 henti kdp 507 transfer keluar kdp 564 koreksi nilai kurang kdp 599 reklasifikasi kdp jadi barang jadi saldo akhir erekon sai ribu rupiah
134,4611,114,akumulasi susut aset tetap rp1481 triliun saldo akumulasi susut aset tetap per 31 desemb 2018 2017 mase mase besar rp1480878520701300 rp1382590108723300 nilai akumulasi susut aset tetap per 31 desemb 2018 dapat akumulasi aset tetap badan layan umum blu besar rp8386099844000
135,6725,115,saji akun sisih piutang tagih dasar atur menteri uang nomor 69pmk062014 tentu kualita piutang bentuk sisih piutang tagih menteri negaralembaga bendahara umum negara perdirjen bendahara nomor per43pb2015 pedoman akuntansi sisih piutang tak tagih menteri negaralembaga
136,4539,115,nilai sisih piutang tagih tagih tptgr period 31 desemb 2018 31 desemb 2017 masingmas besar rp1177290990400 rp1153234915100 hitung dasar persentas sisih piutang sesuai perdirjen bendahara nomor per43pb2015 pedoman akuntansi sisih piutang tak tagih menteri negaralembaga
137,2348,116,rp40327312900 tagih tuntut bendahara tagih bendahara akibat lalai tindak langgar hukum akibat rugi negara tagih tuntut ganti rugi tagih pegawai bukan bendahara ganti ata suatu rugi derita negara lalai
138,4112,116,aset tak wujud aset lainlain jumlah c41 aset tak wujud aset tak wujud rp137 triliun nilai aset tak wujud per 31 desemb 2018 31 desemb 2017 mase mase besar rp137063022083300 rp120223691487800 aset tak wujud diri softwar lisensi hasil kajianpenelitian aset tak wujud lain
139,7969,118,wajib jangka pendek rp2525 triliun nilai wajib jangka pendek per 31 desemb 2018 31 desemb 2017 masingmas besar rp2524772622571400 rp1905390219242200 wajib jangka pendek rupa kelompok wajib harap segera selesai waktu kurang 12 bela bulan tanggal lapor wajib jangka pendek diri utang pihak tiga utang belum tagih utang lebih bayar dapat dapat terima muka uang muka kppn utang jangka pendek lain
140,8565,118,tabel 97 rincian wajib jangka pendek per 31 desemb 2018 31 desemb 2017 urai 31 desemb 2018 31 desemb 2017 utang pihak tiga utang belum tagih utang lebih bayar dapat dapat terima muka uang muka kppn utang jangka pendek lain wajib jangka pendek 472206297 117500 24681785708 88730205 2313040 2573476 25247726226
141,1728,119,c53 utang lebih bayar dapat nilai utang lebih bayar dapat per 31 desemb 2018 31 desemb 2017 masingmas besar rp2468178570756400 rp1729568221803300 nilai sebut rupa kembali lebih bayar paja djp djbc djpb djkn per 31 desemb 2018 belum terbit sp2dnya
142,3377,119,tabel 99 utang lebih bayar dapat per akun per 31 desemb 2018 urai akun 31 desemb 2018 31 desemb 2017 akun 219111 219112 219114 219116 219123 utang lebih bayar pajak pph utang lebih bayar pajak ppnppnbm utang lebih bayar pajak pbb utang lebih bayar bea masuk utang lebih bayar dapat non pajak lain jumlah ribu rupiah naik turun rupiah 3637785067
143,9062,119,dapat terima muka rp8873 miliar c54 dapat terima muka nilai dapat terima muka per 31 desemb 2018 31 desemb 2017 masingmas besar rp8873020518300 rp26731152988500 dapat terima muka rupa dapat sudah setor ka negara barangjasa serah pihak tiga rangka pnbp dapat terima muka lain rupa dapat sewa ruang mesin atm fotocopi kantin sewa tanah base transceiv station bt
144,9902,120,masih ada asai bendahara keluar tanggal lapor nilai uang muka kppn per 31 desemb 2018 31 desemb 2017 masingmas besar rp231304022600 rp253321124500 nilai sebut rupa saldo uang muka kppn rupa uang sedia atau tambah uang sedia tup beri kppn uang muka kerja masih ada atau asai bendahara keluar tanggal lapor
145,9937,121,jela ata pospo lapor operasion sesuai psap 12 lapor operasion lapor operasion lapor sedia informasi kena seluruh giat operasion uang entita lapor cermin pendapatanlo beban surplusdefisit operasion suatu entita lapor saji sand period belum
146,6485,123,lapor uang menteri uang ta 2018 audit d12 dapat negara bukan pajak dapat negara bukan pajak rp2149 triliun dapat negara bukan pajak pnbp period ta 2018 besar rp2148742934618500 band dapat negara bukan pajak period ta 2017 jadi naik besar rp308779907418700 1678 persen dapat sebut diri pnbp badan layan umum pnbp lain
147,8676,124,17847344640 3731 460 32801 12625 365 1695 pnbp besar asal satker blu badan kelola dana kebun bpdpk direktorat jender bendahara besar kelapa sawit rp1546205002839800 lembaga manajemen aset negara lman direktorat jender kaya negara besar rp292085109609400 lembaga kelola dana didik lpdp sekretariat jender besar rp233897390294700
148,500,125,beban operasion rp4838 triliun beban turun manfaat ekonomi danatau potensi jasa period lapor akibat turun ekuita dapat upa keluar ata konsumsi aset timbul wajib beban operasion rupa beban keluar laksana giat operasion entita
149,9504,125,tabel 108 rincian beban operasion per unit eselon period ta 2018 ta 2017 unit eselon sekretariat jender inspektorat jender ditjen anggar ditjen pajak ditjen bea cukai ditjen imbang uang ditjen kelola biaya risiko ditjen bendahara ditjen kaya negara 10 badan didik latih uang 11 badan bijak fiskal ta 2018 19729959863 100948942 123248791 16133099567 3867140474 115493703 108283235 7010798832 2181873740 651963009 130811460 50153621616 ribu rupiah ta 2017 16780726326 95154632 127354205 naik turun naik turun 1758
150,5633,126,beban pegawai beban ata kompensasi baik bentuk uang maupun barang tetap dasar atur perundangundangan beri jabat negara pegawai negeri sipil pn pegawai kerja perintah belum statu pn imbal ata kerja telah laksana kerja kait bentuk modal jumlah beban pegawai 31 desemb 2018 31 desemb 2017 masingmas besar rp2045599023659800 rp1734969925426600
151,2787,126,ribu rupiah unit eselon sekretariat jender inspektorat jender ditjen anggar ditjen pajak ditjen bea cukai ditjen imbang uang ditjen kelola biaya risiko ditjen bendahara ditjen kaya negara 10 badan didik latih uang 11 badan bijak fiskal ta 2018 16056833082 43502054 59720969 2401925174 862010132 32904999 30274104 586920363 262599816 84620218 34679326 20455990237 ta 2017 13154542931 41484954 59261006 2298480579 801463888 28650967 29482431 589173562 233179288 80661682 33317967 17349699254 naik turun naik turun 2206
152,5771,127,beban sedia rp40219 miliar beban sedia beban catat konsumsi ata barangbarang habi pakai masuk barangbarang hasil produksi baik pasar maupun pasar jumlah beban sedia period akhir 31 desemb 2018 31 desemb 2017 masingmas besar rp40219266065700 rp37460025826100
153,1159,127,ribu rupiah unit eselon ta 2018 ta 2017 naik turun naik turun sekretariat jender inspektorat jender ditjen anggar ditjen pajak ditjen bea cukai ditjen imbang uang ditjen kelola biaya risiko ditjen bendahara ditjen kaya negara 10 badan didik latih uang 11 badan bijak fiskal 12174079 1232969 897653 195543376 114904534 2258173 2887121 27832743 14668376 27913178 1880459 15322042 1254142 1174122 202211091 85389750 2153429 2998781 29453151 17012345 15244432 2386973
154,7469,128,tabel 114 rincian beban barang jasa per unit eselon period ta 2018 ta 2017 unit eselon sekretariat jender inspektorat jender ditjen anggar ditjen pajak ditjen bea cukai ditjen imbang uang ditjen kelola biaya risiko ditjen bendahara ditjen kaya negara 10 badan didik latih uang 11 badan bijak fiskal
155,2594,128,3027 ta 2017 3152470154 16969104 31707280 2205074812 889571023 31409601 33032061 11616280495 134772671 392050969 42493594 18545831764 ta 2018 3189721057 17899946 27864620 2229458221 1055661845 31574187 43068649 5783267068 150177416 364073888 39976128 12932743025 37250903 930842 3842660 24383409 166090822 164586 10036588 5833013427 15404745 27977081 2517466 5613088739
156,5285,128,jumlah d24 beban pelihara beban pelihara rp125 triliun beban pelihara beban maksud tahan aset tetap aset lain sudah ke kondisi normal beban pelihara period akhir 31 desemb 2018 31 besar desemb rp124360760601400
157,4894,129,ribu rupiah unit eselon ta 2018 ta 2017 naik turun naik turun sekretariat jender inspektorat jender ditjen anggar ditjen pajak ditjen bea cukai ditjen imbang uang ditjen kelola biaya risiko ditjen bendahara ditjen kaya negara 10 badan didik latih uang 11 badan bijak fiskal 161158872 4826453 4378995 451407515 388431534 7618859 4241292 149437266 46755117 20357799 6891882 1245505584 167169998 2928072 4245297 458575674 378867566 10717191 3913753 149237285 46822120 15775341 5355309 1243607606
158,2438,130,lapor uang menteri uang ta 2018 audit d25 beban jalan dina beban jalan dina rp176 triliun beban jalan dina beban jadi jalan dina rangka laksana tuga fungsi jabat beban jalan dina period akhir 31 desemb 2018 31 desemb 2017 mase mase besar rp176028221177800 rp162638171676300
159,9920,130,tabel 117 rincian beban jalan dina per akun period ta 2018 ta 2017 urai beban jalan biasa beban jalan tetap beban jalan dina kota beban jalan dina paket meet kota beban jalan dina paket meet luar kota beban jalan biasa luar negeri beban jalan tetap luar negeri beban jalan jumlah
160,5365,130,ribu rupiah unit eselon ta 2018 ta 2017 naik turun naik turun sekretariat jender inspektorat jender ditjen anggar ditjen pajak ditjen bea cukai ditjen imbang uang ditjen kelola biaya risiko ditjen bendahara ditjen kaya negara 10 badan didik latih uang 11 badan bijak fiskal 126331729 28791782 22293596 705500409 338019761 32331699 20808407 189451884 173513024 84788854 38451067 1760282212 106869393 27945393 22125651 666004356 336883123 28482308 25461968 166044939 144212547 61228674 41123365 1626381717
161,2021,131,lapor uang menteri uang ta 2018 audit d26 beban barang serah masyarakat beban barang serah masyarakat beban barang rangka layan masyarakat beban barang serah masyarakat period akhir 31 desemb 2018 31 desemb rp46533895474400
162,1936,131,ribu rupiah unit eselon ta 2018 ta 2017 naik turun naik turun sekretariat jender inspektorat jender ditjen anggar ditjen pajak ditjen bea cukai ditjen imbang uang ditjen kelola biaya risiko ditjen bendahara ditjen kaya negara 10 badan didik latih uang 11 badan bijak fiskal 141109986 312353618 8011 153272755 312058189
163,8310,131,d27 beban susut amortisasi beban susut amortisasi rp165 triliun beban susut rupa beban catat alokasi sistemati ata nilai suatu aset tetap dapat susut depreci asset lama masa manfaat aset sangkut adapun beban amortisasi guna catat alokasi turun manfaat ekonomi aset tak wujud jumlah beban susut amortisasi period akhir 31 desemb 2018 31 desemb 2017 masingmas besar rp165311974491400 rp159149969835000
164,8576,132,ribu rupiah unit eselon ta 2018 ta 2017 naik turun naik turun sekretariat jender inspektorat jender ditjen anggar ditjen pajak ditjen bea cukai ditjen imbang uang ditjen kelola biaya risiko ditjen bendahara ditjen kaya negara 10 badan didik latih uang 11 badan bijak fiskal 183570155 4695763 7935313 611619585 711945098 8805763 7003619 273893466 1533919959 69934385 8932644 181229346 4572986 6777411 565000069 692616839 6217886 6423558 250059962 1533514897 60593467 8601585
165,1442,133,d28 beban sisih piutang tak tagih beban sisih piutang tak tagih rp948 triliun beban sisih piutang tak tagih rupa beban catat estimasi ketidaktertagihan piutang suatu period jumlah beban sisih piutang tak tagih period akhir 31 desemb 2018 31 desemb rp2125712684148100
166,2928,133,po surplu defisit giat operasion rupa selisih dapat beban sifat rutin rupa tuga pokok fungsi entita lama satu period lapor surplu giat operasion period akhir 31 desemb 2018 31 desemb 2017 mase mase besar rp147327310379598600 rp131903431926930000 total dapat surplu giat operasion rupa selisih surplu giat operasion rp147327 triliun
167,1638,134,d4 surplu defisit lepa aset non lancar surplu defisit lepa aset non lancar diri dapat lepa aset non lancar beban rugi lepa aset non lancar surplu defisit lepa aset non lancar period akhir 31 desemb 2018 31 desemb 2017 defisit besar rp1360231929400 surplu rp343346574300 defisit lepa aset non lancar 31 desemb 2018 rupa selisih total dapat lepa aset non lancar besar rp2589321174000 total beban lepa aset non lancar besar rp3949553103400
168,1126,134,ribu rupiah unit eselon ta 2018 ta 2017 naik turun naik turun sekretariat jender inspektorat jender ditjen anggar ditjen pajak ditjen bea cukai ditjen imbang uang ditjen kelola biaya risiko ditjen bendahara ditjen kaya negara 10 badan didik latih uang 11 badan bijak fiskal 1246513 71900 457975 8504660 11371930 121983 235040 1758082 1131319 550214 443596 25893212 359264 16000 6791423 18669946 1486828 798760 1165356 665888 1171567 31125032
169,6092,135,ribu rupiah ta 2018 ta 2017 unit eselon sekretariat jender inspektorat jender ditjen anggar ditjen pajak ditjen bea cukai ditjen imbang uang ditjen kelola biaya risiko ditjen bendahara ditjen kaya negara 10 badan didik latih uang 11 badan bijak fiskal 8548931 3469 19003 3375896 19697112 34757 34757 4149017 1367956 2942442 naik turun naik turun
170,113,135,surplu giat non operasion lain rp15621 miliar d5 surplu defisit giat non operasion lain surplusdefisit giat non operasion lain diri dapat giat non operasion lain beban giat non operasion lain surplu defisit giat non operasion lain period akhir 31 desemb 2018 31 desemb 2017 surplu besar rp15620745839300 rp832888747800 surplu giat non operasion lain rupa selisih total dapat giat non operasion lain besar rp27054183212600 total beban giat non operasion lain besar rp11433437373300
171,3492,136,10000 dapat selesai tuntut ganti rugi non bendahara dapat selesai tuntut bendahara dapat selesai ganti rugi negara pegawai negeri bukan bendahara jabat dapat selesai ganti rugi negara pihak lainpihak tiga terima belanja pegawai tahun anggar lalu terima belanja barang tahun anggar lalu terima belanja modal tahun anggar lalu dapat selisih kur realisasi blu terima belanja barang blu tahun anggar lalu dapat selisih kur belum realisasi dapat selisih kur belum realisasi blu dapat oleh aset lain dapat sesuai nilai sedia dapat sesuai selisih kur jumlah 680217
172,9075,136,ribu rupiah ta 2018 ta 2017 unit eselon sekretariat jender inspektorat jender ditjen anggar ditjen pajak ditjen bea cukai ditjen imbang uang ditjen kelola biaya risiko ditjen bendahara ditjen kaya negara 10 badan didik latih uang 11 badan bijak fiskal 4440720 117553 462411 220552697 15189982 427372 445967 10010184 13644970 4630963 619012 270541832 4076388 326978 215213 150467709 18883905 143654 133991 2906650 1671013 955745 726069 180507315 naik turun naik turun
173,1110,137,beban rugi selisih kur realisasi selisih kur ata piutang paja wajib pajak guna buku mata uang ase selisih kur aru ka uang sedia wakil luar negeri rincian beban giat non operasion lain per unit eselon saji tabel ikut
174,1964,137,tabel 132 rincian beban giat non operasion lain per unit eselon period ta 2018 ta 2017 unit eselon sekretariat jender inspektorat jender ditjen anggar ditjen pajak ditjen bea cukai ditjen imbang uang ditjen kelola biaya risiko ditjen bendahara ditjen kaya negara 10 badan didik latih uang 11 badan bijak fiskal ta 2018 ta 2017 ribu rupiah naik turun naik turun
175,7685,137,tabel ata masuk koreksi ata beban sesuai nilai investasi ata nilai investasi non permanen rupa kategori avail sale lembaga kelola dana didik lpdp laku satu kerja konsolidasi ba 015 adapun nilai beban giat non operasion lain dan koreksi bagai ikut
176,1570,138,surplu giat non operasion rp14261 miliar po surplu defisit giat non operasion oleh selisih dapat beban sifat rutin bukan rupa tuga pokok fungsi entita surplu defisit giat non operasion period akhir 31 desemb 2018 31 desemb 2017 surplu besar rp14260513909900 rp1176235322100 surplu giat non operasion rupa selisih surplu giat non operasion lain besar rp15620745839300 defisit lepa aset non besar rp1360231929400
177,5452,138,d7 surplu defisit lapor operasion surplu lapor operasion rp147342 triliun nilai surplu defisit lapor operasion period akhir 31 desemb 2018 surplu besar rp147341570893508500 nilai sebut oleh jumlah surplu giat operasion besar rp147327310379598600 surplu giat non operasion besar rp14260513909900
178,6003,139,jela ata pospo lapor ubah ekuita ekuita menteri kaya bersih menteri rupa selisih aset wajib menteri tanggal lapor saldo ekuita neraca asal saldo akhir ekuita lapor ubah ekuita lapor ubah ekuita saji informasi naik turun ekuita period lapor band period belum
179,7796,139,tabel 133 rincian ekuita awal per unit eselon period akhir 31 desemb 2018 31 desemb 2017 urai 31 desemb 2018 31 desemb 2017 naik turun 34437956192 9637230250 ribu rupiah sekretariat jender inspektorat jender ditjen anggar ditjen pajak ditjen bea cukai ditjen imbang uang ditjen ppr ditjen bendahara ditjen kaya negara 10 badan didik latih uang 11 badan bijak fiskal 12 konsolidasi menteri uang jumlah 96447763 37149759 47229463697 19301943877 24255545 358819384 22195161238 21002955833 6822257127 30651524 92970624344 58566437595 21625941 27633684 23700106898 8376817398 18284053 154436878 8836719944 2144570113 18434818 53903725924 967865947
180,1543,139,surplu lo rp147341 triliun jumlah surplu defisit lo period akhir 31 desemb 2018 31 desemb 2017 surplu nila rp1473415 70893508600 rp131904608162252100 surplu lo rupa jumlah selisih lebih surplusdefisit giat operasion giat non operasion jadi luar biasa
181,5283,140,tabel 134 rincian surplu defisit lo per unit eselon period akhir 31 desemb 2018 31 desemb 2017 urai 31 desemb 2018 31 desemb 2017 naik turun ribu rupiah sekretariat jender inspektorat jender ditjen anggar ditjen pajak ditjen bea cukai ditjen imbang uang ditjen ppr ditjen bendahara ditjen kaya negara 10 badan didik latih uang 11 badan bijak fiskal 12 konsolidasi menteri uang 17440685692 15035311897 100812152 122443557 94937104 127127581 1269790796974 1142818055734 210557590547 189023678125 114936627 55910744 8561006911 1232742021 605270367 129874325 1843505946 105995461 31987945 1981290214 399446979 577167690 131811668 1726843875 jumlah 1473415708935 1319046081623 1600 619 368 1111 1139 844 7479 33209 40861 487 147 676 1170
182,2325,140,naik surplu lo tinggi ditjen kaya negara besar 40861 band tahun 2017 utama sebab ada naik pnbp lain blu lman adapun naik surplu lo tinggi dua jadi ditjen bendahara besar 33209 sebab ada turun beban kelola dana kebun kelapa sawit blu bpdpk
183,4272,140,koreksi nilai sedia rp1858 juta koreksi nilai sedia cermin koreksi ata nilai sedia akibat salah nilai sedia jadi period belum koreksi nilai sedia period akhir 31 desemb 2018 31 desemb 2017 nila rp1857709900 rp109242950100 adapun rincian koreksi nilai sedia per unit eselon lihat tabel ikut
184,4765,140,urai 31 desemb 2018 31 desemb 2017 naik turun ribu rupiah sekretariat jender inspektorat jender ditjen anggar ditjen pajak ditjen bea cukai ditjen imbang uang ditjen ppr ditjen bendahara ditjen kaya negara 10 badan didik latih uang 11 badan bijak fiskal 12 konsolidasi menteri uang 1628 13512 3422 15 19569 1065799 9168 10000 7061 9136 jumlah 18577 1092429 9830
185,2665,141,tabel 136 rincian selisih revaluasi aset tetap per unit eselon period akhir 31 desemb 2018 31 desemb 2017 urai 31 desemb 2018 31 desemb 2017 naik turun sekretariat jender inspektorat jender ditjen anggar ditjen pajak ditjen bea cukai ditjen imbang uang ditjen ppr ditjen bendahara ditjen kaya negara 10 badan didik latih uang 11 badan bijak fiskal jumlah
186,6493,141,12 konsolidasi menteri uang 55620768 75975423032 per tanggal 31 desemb 2017 menteri uang selesai revaluasi aset nilai selisih tetap capai rp7597542303185800 dasar periksa bpk ri lapor uang perintah pusat ta 2017 saji nilai revaluasi aset tetap menteri uang tunggu selesai laksana revaluasi objek nilai pada seluruh kementerianlembaga
187,3422,141,revaluasi aset adapun tahun 2018 menteri uang laku revaluasi aset tetap nilai selisih besar rp5467486561800 satker lingkup djbc rp94590256700 satker lingkup djp dasar periksa bpk ri ta 2018 bpk dapat yakin hasil nilai revaluasi sebut demikian menteri uang saji angka selisih hasil revaluasi besar total rp7603104380004300
188,8300,141,koreksi nilai aset non revaluasi rupa koreksi ata salah catat oleh aset tetap misal reklasifikasi antar aset tetap sebab ubah susut beda masa manfaat aset tetap koreksi ata salah jurnal kirim simak bmn saiba koreksi nilai aset non revaluasi period akhir 31 desemb 2018 31 desemb 2017 nila rp2460980695100 rp20345458035600
189,3112,142,tabel 137 rincian koreksi nilai aset non revaluasi per unit eselon period akhir 31 desemb 2018 31 desemb 2017 urai 31 desemb 2018 31 desemb 2017 naik turun sekretariat jender inspektorat jender ditjen anggar ditjen pajak ditjen bea cukai ditjen imbang uang ditjen ppr ditjen bendahara ditjen kaya negara 10 badan didik latih uang 11 badan bijak fiskal 12 konsolidasi menteri uang jumlah 770164 275 3075 39269587 1575347 98876 26181 352415 348488888 1722229 332981268 24609807
190,8416,142,943558 1228163 4023 koreksi nilai aset non revaluasi tinggi jadi ditjen kaya negara nila rp34848888819200 nilai sebut diri koreksi nilai aset tetap non revaluasi besar rp33772764400 koreksi nilai aset lain non revaluasi besar rp34882661583600 salah satu sumbang koreksi nilai aset non revaluasi saji nilai capit gain hasil nilai aset ek htbi besar rp37824526000000 adapun lain rupa koreksi nilai netto minu rp2975637180800
191,4740,143,14066886 ribu rupiah sekretariat jender inspektorat jender ditjen anggar ditjen pajak ditjen bea cukai ditjen imbang uang ditjen ppr ditjen bendahara ditjen kaya negara 10 badan didik latih uang 11 badan bijak fiskal 12 konsolidasi menteri uang jumlah 66000 35015815 964900 37567 29994138191 12931335 23274896
192,8401,143,koreksi lainlain tinggi lihat persentas jadi sekretariat jender sebab bijak aku nilai amortisasi premium milik surat utang negara blu lpdp besar rp13369421683200 sesuai atur menteri uang nomor 169pmk052018 sistem akuntansi lapor uang investasi perintah
193,9921,143,adapun naik koreksi lainlain tinggi nomin rupiah jadi ditjen pajak nila rp2999413819149500 koreksi maksud bagi besar sebab koreksi tambah piutang paja ata piutang pajak jadi period tahun belum sesuai prose bisni ditjen pajak baru aku catat period jalan rincian tabel ikut
194,717,144,transaksi antar entita rp148835 triliun nilai transaksi antar entita period akhir 31 desemb 2018 31 desemb 2017 nila rp148835000705296700 rp131460843285461800 nilai sebut rupa transaksi entita lapor entita lapor terima enta tagih entita kesah hibah langsung antar unit dalam entita lapor sendiri maupun entita lapor transfer masuk transfer keluar transfer masuk transfer keluar bagi besar sebab ada pindah aset upa piutang pajak dan aset tetap satu instansisatk instansisatk
195,6770,145,tabel 141 rincian transaksi antar entita per unit eselon period akhir 31 desemb 2018 31 desemb 2017 urai 31 desemb 2018 31 desemb 2017 naik turun ribu rupiah sekretariat jender inspektorat jender ditjen anggar ditjen pajak ditjen bea cukai ditjen imbang uang ditjen ppr ditjen bendahara ditjen kaya negara 10 badan didik latih uang 11 badan bijak fiskal 17173796683 14524675126 103891466 137796213 94175835 119957382 1306656439752 1144868314483 201981949927 189346437359 129223086 21089842 1747091437 347863527 645615435 133774189 111966953 36496215 3706337269 20587078607 611070074 142175664 12 konsolidasi menteri uang 151759252 20327614138 jumlah 1488350007053 1314608432855 e8 ekuita akhir ekuita akhir rp7351 triliun 2017 nilai ekuita akhir period akhir 31 desemb 2018 31 desemb rp5856643759538300 nilai sebut oleh jumlah saldo awal ekuita surplu defisit lo sesuai nilai tahun jalan dampak kumulatif ubah bijak akuntansi salah dasar dan transaksi antar entita
196,4973,145,tabel 142 rincian ekuita akhir per unit eselon period akhir 31 desemb 2018 31 desemb 2017 urai 31 desemb 2018 31 desemb 2017 naik turun ribu rupiah sekretariat jender inspektorat jender ditjen anggar ditjen pajak ditjen bea cukai ditjen imbang uang ditjen ppr ditjen bendahara ditjen kaya negara 10 badan didik latih uang 11 badan bijak fiskal 34064999097 34437956192 99526803 52505491 40319637054 27917752696 38640880 323958663 32537936499 22931088790 6864286857 34551388 96447763 37149759 47229463697 19301943877 24255545 358819384 22195161238 21002955833 6822257127 30651524 12 konsolidasi menteri uang 91670215864 92970624344 jumlah 73514668354 58566437595 1824 1032 1487 1413 667 1541 4221 5286 9831 565 591 9925 1322
197,9280,146,f3 rekapitulasi piutang negara instansi pemerintahlembaga negara aktif uru pupndjkn f31 piutang negara jumlah piutang negara serah instansi pemerintahlembaga negara djkn per 31 desemb 2018 65755 berka kasu piutang negara bkpn besar rp6880003172918600 jumlah mata uang rupiah realisasi piutang negara selesai pnd dengan 31 desemb 2018 besar rp22179999383628 besar 4475 besar rp49555964206000 realisasi biad ppn dengan 31 desemb 2018
198,2762,147,implementasi spansakti indonesia kelola uang negara mulai ada transaksi uang lingkup satu kerja menteri negaralembaga lingkup satu kerja sebut implementasi integr financi manag inform system ifmi wujud bentuk beberapa sempurna prose bisni kelola uang negara guna aplikasi integrasi ubah laksana liput sederhana aplikasi saat jumlah sangat banyak satu kerja databas terpisahpisah jadi satu aplikasi databas integrasi sederhana sistem aplikasi tuju kurang jadi duplikasi kerja ulang entri data
199,8252,147,duplikasi kerja entri data praktek seringkali sebab jadi beda data satu aplikasi aplikasi lain informasi hasil jadi akurat gabung aplikasi databas tingkat satu kerja wujud suatu sistem aplikasi lingkup satu kerja nama sistem aplikasi uang tingkat instansi sakti
200,1363,147,sakti liput gabung fungsifungsi susun anggar laksana apbn hingga susun lapor uang susun anggar fungsi gabung liput susun rkakl susun dipa revisi dipa laksana apbn akan dapat beberapa prose bisni baru manajemen data supplier manajemen data kontrak resum tagih surat perintah bayar susun lapor uang sempurna akan laku liput aplikasi akuntansi uang akuntansi barang milik negara rekonsiliasi sai susun lpj bendahara akuntansi sedia fasilita kirim data aplikasi sakti ada lingkup satu kerja aplikasi span ada menteri uang kembang aplikasi dukung liput portal span span sm sejak tahun 2015 semua kppn indonesia terap span
201,606,148,dasar atur menteri uang nomor 223pmk052015 laksana pilot sistem aplikasi uang tingkat instansi bagaimana akhir atur menteri uang nomor ubah 159pmk052018 pilot sakti dilaksanan seluruh satker menteri uang desemb 2018 sebut jalan tentu pasal ayat pmk 159pmk052018
202,5388,148,f42 kelola pinjam hibah luar negeri phln triwulan iv ta 2018 31 desemb 2018 menteri uang terima pinjam hibah entita dengan realisasi pinjam besar rp000 realisasi hibah besar rp4234474323400 dengan rekapitulasi phln per unit eselon ikut
203,1641,149,2751612930 direktorat kitsda djp sustain infrastructur assist program ta siap subproject strengthen fiscal risk manag acceler infrastructur deliveri 905001 project enhanc tax monitor enforc dgt throught prevent tax disput improv manag human resourc manag hibah langsung jasa
204,4196,149,75308140 aipeg aipeg jica undp undp hibah langsung jasa hibah langsung jasa hibah langsung barangjasa hibah langsung uang hibah langsung barangjasa hibah langsung barangjasa hibah langsung barangjasa hibah langsung sah hibah langsung sah hibah langsung sah pkem bkf pksk bkf pkppim bkf pkppim bkf 12 251yq1fa biodivers financ initi biofin 13 2q36jpe4 sustain develop financ dasar data sistem monitor regist hibah djppr dapat data ikut regist nama pinjam hibah sumber dana jeni pagu dipa 2018 statusketerangan unit tanggung jawab 18 2ud9slua hibah tanah bangun kantor kp2kp simpang ampat pemda kabpasaman barat hibah langsung barang hibah langsung sudah sah kp2kp simpang ampat 14 2462zuxa hibah barang upa bangun mushola paguyuban pegawai kpp pratama muara bungo hibah langsung barang 15 29sx5jsa hibahlangsung barang upa tanah kantor awa layan bea cukai tipe madya pabean morowali hibah langsung barang kp2kp pasangkayu perintah kabupaten morowali hibah langsung barang hibah langsung barang 16 28eyvb1a pemkab pasangkayu 17 2c6qsrfa hibah langsung barang upa gedung bangun masjid
205,1236,149,dkm baitut taqwa kpp bea cukai tmp blitar hibah langsung barang 19 2zdl9d6a hibah langsung barang upa alat musik drone 20 2j3pp6aa hibah langsung barang upa empat buah kontain kantor wilayah djbc sumatera bagi timur badan bina olahraga seni bapor kppn sanggau hibah langsung barang ptoki pulp paper hibah langsung barang 21 2vmrb8sa hibah langsung barang upa tanah bangun kppbc sintet perintah kota singkawang hibah langsung barang 22 21srt4y3 strengthen knowledg share indonesia adb hibah langsung barang 24 2dxcx49a hibah barang upa bangun mushola kpp pratama barabai paguyuban pegawai kpp pratama barabai hibah langsung barang 25 2vmu3n6a 26 2acaqsra hibah langsung barang upa unit overhead crane kanwil djbc pulau riau hibah langsung barang upa partisimeja kerja kp2kp martapura koperasi primabakti hibah langsung barang mokhamad reza muslim dkk hibah langsung barang 27 2ct8emba hibah langsung barang upa tanah bangun kantor perintah kp2kp padang aro pemda kab solok selatan hibah langsung barang 28 27wqc72a hibah langsung barang upa gedung bangun kantor wilayah djbc jawa timur koperasi bina cipta hibah langsung barang 29 2315tera hibah langsung barang yafi tanzil huda hibah langsung barang f43 satker konsolidasi
206,7396,149,2209437657 realisasi sd q4 nilai 20000000 1280000000 254491577 280800000 140026645 39890000 120000000 540551010 451733000 387505000 361451000 15200000 440732400 234000000 10195000 hibah langsung sudah sah kpp pratama muara bungo hibah langsung sudah sah kppbc tmp pasang kayu hibah langsung sudah sah kp2kp pasang kayu hibah langsung sudah sah kppbc tmp blitar hibah langsung sudah sah kppn sanggau hibah langsung sudah sah kanwil djbc sumatera bagi timur hibah langsung sudah sah kppbc sintet hibah langsung sudah sah pkem bkf hibah langsung sudah sah kpp pratama barabai hibah langsung sudah sah pangsarop tanjung balai karimun hibah langsung sudah sah kp2kp martapura hibah langsung sudah sah kp2kp padang aro hibah langsung sudah sah kantor wilayah djbc jawa timur hibah langsung sudah sah kppn baturaja
207,6206,149,23 2x9mdpaa hibah langsung barang upa sarana olahraga lurah teluk air camat karimun hibah langsung barang hibah langsung sudah sah kanwil djbc pulau riau satu kerja konsolidasi satker menteri uang bentuk tampung transaksi resiprok koreksi ata transaksi belum diupload aplikasi erekon lk tahun 2018
208,4192,150,koreksi ata saji dana bun kelola blu dasar surat dirjen bendahara nomor s3481pb2018 tanggal 16 april 2018 tunjuk tekni koreksi ata saji transaksi kait investasi jangka panjang blu sumber anggar bun masuk koreksi dapat masih terima milik blu lman ata kena bank fee haru kena reken dana kelola dana tanah psn
209,9295,150,f44 kelola kait selesai rugi negara data rugi negara lingkung menteri uang banyak 130 kasu nilai besar rp1471633632770 lapor uang catat 102 kasu nilai rp1229051855018 beda catat sebut jadi dapat beda bijak hal catat biro rencana uang sekretariat jender menteri uang catat kasu rugi negara lapor kembang rugi negara apabila dapat lapor rugi negara menteri uang catat piutang tgrtp lapor uang sesuai bultek piutang laku hal kasu rugi negara dapat dokumen aku piutang dokumen aku piutang sebut upa surat terang tanggung jawab mutlak sktm surat putu beban ganti rugi negara danatau sk beban bpk kasu dapat dokumen aku piutang sktm skpgr sk beban bpk belum dapat aku piutang tidak catat lapor uang
210,4418,150,f45 kendali intern susun lapor uang pipk beri yakin pada lapor uang susun kendali intern pada menteri uang lapor uang menteri uang terap pipk dasar pmk 14pmk092017 pedoman terap nilai reviu kendali intern ata lapor uang perintah pusat
211,1966,151,nilai aset tetap laku barang milik negara upa tanah gedung bangun jalan jembatan bangun air oleh dengan 31 desemb 2015 nilai laku barang milik negara telah dapat tuju hapu pemindahtanganan kelola barangpengguna barang barang milik negara cara fisik tidak temu
212,2596,151,nilai aset tetap lanjut 2018 nilai perintah lingkung direktorat jender kaya negara nilai bmn laku guna dekat data pasar dekat biaya danatau dekat dapat nilai laku dengan survei lapang obyek revaluasi barang milik negara upa tanah untuk barang milik negara tanah laku survei lapang
213,8561,151,hasil nilai aset tetap sebut dapat yakin benar badan periksa uang ri sesuai hasil periksa lapor hasil periksa ata nilai barang milik negara tahun 20172018 menteri uang selaku kelola barang kl selaku guna barang instansi kait lain
214,1597,151,hal tuntut hukum milik putu adil kuat hukum tetap inkracht laku tegur aanman adil negeri tempat upaya hukum lanjutanluar biasa perintah telah anggar dipa menteri negaralembaga nilai tuntut hukum sudah inkracht saji utang pihak tiga neraca lkkl
215,2688,152,hal tuntut hukum milik putu adil inkracht laku tegur aanman adil negeri tempat dapat upaya hukum lanjutanluar biasa perintah belum anggar dipa menteri negaralembaga nilai tuntut hukum sudah inkracht ungkap calk lkkl agregat total nilai tuntut ganti rugi rincian per tuntut hukum
216,6652,153,dasar laksana bmdtp tahun 2018 dasar laksana bmdtp atur menteri uang republik indonesia nomor 248pmk0112014 bea masuk tanggung perintah ata impor barang bahan produksi barang danatau jasa pent umum tingkat daya sa industri sektor tentu pmk induk dasar pmk sebut lanjut himpun sektorsektor industri dapat terima bmdtp penuh kriteria bagaimana atur pmk bmdtp induk sebut hasil nilai layak sektor industri maksud tetap atur menteri uang dalam dapat tetap sektor tentu serta besar pagu alokasi bmdtp tahun 2018 menteri uang tetap atur menteri uang nomor 12pmk0102018 tanggal februari 2018 bea masuk tanggung perintah sektor industri tentu tahun anggar 2018 rincian ikut
217,8151,153,kuasa guna anggar direktur jender industri kimia tekstil aneka menteri industri sektor industri buat kema plastik plastik lembar biaxial orient poli propylen film cast poli propylen film karung plastik palet plastik botol jerigen plastik terpal plastik geotekstil barang atau perabot rumah tangga plastik pagu anggar rupiah 114000000000 buat kosmetik 15000000000 buat polyest lap logam kaca film 520000000 buat ampla 400000000
218,3365,154,6000000000 3000000000 buat resin upa alkyd resin unsatur polyest resin amino resin emulsi resin pigment phthalat solut acrylicsynthet latex resin dispers plastic formaldehyd formaldehyd resin synthet latex buat bahan kimia khusu masterbach penetralisir air limbah upa aquaclear seri floccul bahan kimia kerta katali upa mepox cypox cypox liquid benzox buat pupuk borat 3000000000 kalsinasi buat calcin petroleum coke koka 8000000000 karpet permadani sajadah danatau pu pvc artifici 65000000000 buat seratbenangstrip filamen buat atau serat stapel 3130482000 buat main anak 4000000000 buat kacamata 2000000000
219,2674,155,direktur jender industri logam mesin alat transportasi elektronika menteri industri buat bagi tentu alat besar danatau rakit alat besar 800000000 buat komponen alat mesin tani 2000000000 buat alat energi ketenagalistrikan 8000000000 buat komponen alat pabrik 3691500000 buat komponen kendara motor 150000000000 buat sepeda buat baik gerbong barang kereta tumpang kereta rel komponen kereta api listrikdiesel bogi 40000000000 20000000000 buat produk elektronika komponen danatau 21064151500 buat kabel serat optik 2471519000 buat alat telekomunikasi 3571200000 buat smart card upa kartu plastik kartu plastik secur kartu elektronik kartu telepon selular 8699954000 buat telepon selular 8480721500 buat kema kaleng tutup botol crown cork 21000000000 buat lead ingot timah hitam 6000000000 olah kacang almond 1876592000 buat sedia farmasi 12000000000
220,6548,155,direktur jender industri argo menteri industri bidang deputi awa produk terapetik napza badan awa obat makan tekni beri bmdtp serta djbc siap atur direktur jender bea cukai importasi atur pertanggungjawaban dokumen importasi hubung beri bm dtp sebut perdirjen maksud tetap lalu per10bc2018 tanggal 21 mei 2018
221,8423,156,sp3dri rupa surat pemberitahuan sampai direktorat jender bea cukai djbc direktorat jender pajak djp fungsi alat sampai datainformasi paja kait pajak rangka impor pdri tidak kurang bayar importir guna jasa telah laku tagih pajak surat tegur djbc serah data pdri sebut sama dengan terbit surat paksa djbc
222,7571,156,sesuai atur menteri uang nomor 111pmk042013 tata cara tagih bea masuk danatau cukai sp3dri rupa surat pemberitahuan piutang pajak rangka impor upa pajak tambah nilai pajak jual barang mewah pajak hasil kepala kantor pabean kppbckpu bc kepala kantor layan pajak kpp wilayah tanggung tanggung tanggung luna wajib ata tagih surat penetapansurat keputusansurat tagih jangka waktu pale cepat tujuh hari tanggal jatuh tempo bayar 60 hari sejak tanggal tetap putu tidak sedang mengangsurmenunda bayar dasar tuju tidak aju berat tidak aju band jabat bea cukai kepala kantor layan terbit surat tegur apabila jangka waktu 21 puluh satu hari sejak keluar surat tegur tesebut tanggung luna wajib kepala kantor pabean hari kerja ikut
223,2049,157,laku himbauan penelitianpemeriksaan terbit skpkb ata pajakpajak utang bagaimana cantum sp3dri sebut sp3dri tindak lanjut skpkb tambah piutang pajak lapor kembang piutang masingmas kpp adapun rincian data sp3dri sampai djbc djp tahun 2010 sd 31 desemb 2018 bagai ikut
224,1874,157,f410 kompensasi ata rusa terima kembali pita cukai ck2 ck3 dokumen tanda bukti rusa pita cukai ck2 dokumen tanda bukti rusa pita cukai telah lekat barang kena cukai ata barang kena cukai sebut kemudian ekspor olah musnah tidak jadi impor masih ada kawasan pabean dokumen ck2 dapat informasi kena jumlah kepe pita cukai kembali nilai cukai tara pita cukai kembali sebut dasar pmk nomor 113pmk042008 kembali cukai danatau sanksi administrasi upa denda ata nilai cukai cantum dokumen ck2 sebut guna potong utang cukai danatau kompensasi mesan pita cukai ikut kembali cukai ata barang kena cukai ekspor olah musnah beri usaha pabrik barang kena cukai kembali cukai ata barang kena cukai tidak jadi impor beri importir barang kena cukai masa laku potong danatau kompensasi 12 bela bulan sejak tanggal terbit ck2 adapun nilai cukai dalam dokumen ck2 terbit djbc tahun anggar 2018 2017 masingmas besar rp95656452618800 rp79382719387000 atau naik besar 21
225,3848,157,dokumen tanda bukti terima kembali pita cukai ck3 dokumen tanda bukti terima kembali pita cukai rusak tidak pakai usaha pabrik atau importir barang kena cukai pita cukai rusak pita cukai kurang sempurna fisik cetak belum lekat barang kena cukai pita cukai tidak pakai pita cukai belum lekat barang kena cukai
226,9838,158,pita cukai kembali pita cukai pe tahun anggar jalan satu tahun akhir tahun anggar jalan kembali ata pita cukai rusak terima apabila pita cukai bentuk lembar serta label awa cetak pita cukai pita cukai tidak pakai terima kembali pita cukai apabila pita cukai dalam bentuk lembar sesuai kirim cetak pita cukai nilai cukai cantum dalam dokumen ck3 lebih guna luna hutang cukai dalam tidak milik hutang cukai dapat hitung danatau kompensasi untuk mesan pita cukai lanjut masa laku potong danatau kompensasi 12 bela bulan sejak tanggal terbit ck3
227,9799,158,tahun 2018 2017 djbc realisasi kompensasi pita cukai ata dokumen ck2 mesan pita cukai ck1 masingmas besar rp104431407227200 rp77385114083000 naik besar 35 kompensasi pita cukai ata dokumen ck3 mesan pita cukai ck1 masingmas besar rp67098549825000 rp120233381116800 turun besar 44 dengan akhir tahun anggar 2018 dapat dokumen ck2 ck3 belum guna usaha kompensasi mesan pita cukai masingmas besar rp6585664293600 rp2211529860000
228,447,159,f411 annual meet imfwbg 2018 bulan oktob 2018 laksana selenggara annual meet imfwb 2018 provinsi bal sesuai putu presiden republik indonesia keppr nomor 11 tahun 2017 bentuk panitia nasion selenggara rangkai temu tahun dana monet internasion bank dunia
229,9413,159,tahun 2018 annual meet intern monetari fundworld bank 2018 dasar keppr nomor 11 tahun 2017 sebut tetap kementerianlembaga perintah non menteri lembaga negara instansi perintah pusat instansi daerah masuk dalam anggota panitia nasion bentuk tim kerja tuga dukung laksana tuga panitia nasion adapun dana dukung selenggara rangkai imfwb 2018 beban apbn tahun 2017 2018 apbd tahun 2017 2018 anggar bi tahun 2017 2018 sumbersumb lain yang sah tidak ikat menindaklanjuti keppr nomor 11 tahun 2017 sebut menteri uang bentuk kmk nomor kmk770kmk012017 bentuk tim kerja siap selenggara rangkai temu tahun intern monetari fund world bank tahun 2018 telah ubah akhir kmk nomor kmk312kmk012018 panjang masa kerja ubah susun anggota tim kerja siap selenggara rangkai temu tahun intern monetari fund world bank tahun 2018 lingkung menteri uang
230,9992,159,bantu sekretariat panitia nasion selenggara rangkai temu tahun intern monetari fund world bank tahun 2018 ada siap laksana program utama mitra meet team secretariat sesuai pandu manual requir laku awa monitor selenggara rangkai temu tahun intern monetari fund world bank tahun 2018
231,5039,159,selenggara rangkai temu tahun intern monetari fund world bank tahun 2018 milik manfaat jangka pendek upa hadir ribu serta saat low season bulan oktob harap dapat gerak roda ekonomi bal utama sektor meet incent convent exhibit mice pariwisata sektor jasa industri kecil sektor dukung lain manfaat jangka panjang bentuk perhati dunia hadir laku utama sektor uang dunia indonesia kait halhal
232,4791,160,tabel 148 realisasi selenggara rangkai temu tahun imf world bank tahun 2018 ta urai giat pagu nilai kontrak realisasi terang profession congress organ rp3169649905000 rp426797354300 rp421471044300 nilai kontrak rp1371939100000 rp623130016800 jumlah rp4541589000000 rp426797354300 rp1044601061100 realisasi 23 rp60223349255000 rp50098693810000 rp 38342995045000 rp14785008200000 na rp
233,5991,160,2442319951300 data realisasi per tgl alami ubah adendum nilai kontrak mula besar rp445345230000 realisasi per 31 de 2017 dasar add 02ppk3sj62018 31 desemb 2018 2017 2018 sekretariat sm 2017 2017 vti sekretariat profession congress organ sekretariat sm 2018 biaya rapat biaya jalan dina biaya giat dukung 2018 dukung infrastruktur tik sewa jare dukung infrastruktur tik ada perangkat rp 4355608100000 rp 4085400000000 rp 3985150967400 rp 1652321000000 rp 1457496473600 rp 1457496473600 jumlah rp81016286555000 rp55641590283600 rp46227962437300 realisasi 57 adapun sumber dana asal dipa kantor pusat sekretariat jender dipa pusat sistem informasi teknolog uang realisasi lebih kecil pagu karena efisiensi utama ata beberapa komponen biaya jasa profession congress organ belanja ata dukung laksana rapat tahun imf ta 2018 giat jalan dina sekretariat
234,2308,161,f412 catat aset lainlain bun blu aset lainlain bun per 31 desemb 2018 bagi besar rupa tanah infrastruktur psn catat blu lman saldo besar rp4074998834157200 bijak saji aset maksud sesuai atur menteri uang nomor 5pmk062019 ubah pmk nomor 21pmk062017 tata cara dana ada tanah proyek strategi nasion kelola aset hasil ada tanah lman adapun tanah infrastruktur psn sebut bagi jadi empat bidang
235,2289,161,dasar sepakat perintah bpk pencatatatan aset lainlain mula catat lman diri tanah bidang bendung tanah bidang perkertaapiaan labuh jalan tol catat lman catat laku oleh kementerianlembaga punya tu maksud menteri pupera menteri hubung
236,6160,161,f413 ungkap ata periksa lk blu kap menteri uang dapat lima satu kerja badan layan umum blu dasar atur menteri uang nomor 217pmk052015 nyata standar akuntansi ba akrual nomor 13 saji lapor uang badan layan umum susun lk blu selaku entita lapor laku guna sap ba akrual sejak pmk tetap susun sampai lk blu mulai ta 2016 wajib susun standar sap
